amplitude_mean,amplitude_std,amplitude_min,amplitude_max,width_mean,width_std,width_min,width_max,rise_time_mean,rise_time_std,rise_time_min,rise_time_max,slope_mean,slope_std,slope_min,slope_max,auc_mean,auc_std,auc_min,auc_max,shannon_entropy,signal_skew,signal_kurtosis,row_index
459.2440854701101,337.4710059273614,134.92056477475455,1917.5635117502293,0.8458823529411765,0.42181510847734033,0.34,2.46,0.3994117647058823,0.25424804372145204,0.16,1.32,1297.5735604569622,688.0931644845718,405.4793789489702,3129.9470995165557,27.117051492367427,366.31692057266304,-907.5175891541475,1356.990293865089,2.0151960806690337,-1.252477726094149,6.610874046596619,0
374.65251797957046,449.37559928115303,102.83725985614785,2154.4420790062613,1.116,0.6097661329084334,0.66,2.9,0.7140000000000001,0.495542233581718,0.24,2.14,563.8140267663123,380.1585385046967,61.10951236960064,1404.9849990043804,-8.03104592555777,121.03816803566815,-346.38846274479556,232.73684726135423,1.607456977056795,-3.3925562598125896,18.774345234809843,1
252.08810176918007,104.82012484097889,123.51209489176111,622.349545019191,0.7248648648648648,0.24780841190122865,0.48,1.26,0.37081081081081085,0.20014409223771173,0.22,1.0,741.4036748732202,249.1801649973699,229.27068094752596,1622.7323426096962,17.356257195421826,188.5164976028766,-278.1971479010066,571.6627914072202,1.9717911174459872,-1.7733363989415962,9.636283628165906,2
161.80370118862012,68.29222240973468,105.45052393068795,352.0303980085664,1.9483333333333335,2.376972227371824,0.86,8.96,0.975,0.9121054564228653,0.56,3.38,206.90638618216545,57.336295091586756,98.80240131699043,289.03806324332777,-12.428629237056507,64.57853003565613,-127.82736423619004,94.71559878110503,1.9617673563933988,1.559636656719209,8.7509766592987,3
292.6300733916584,259.63422361312126,105.96810511389293,1046.600984252546,1.5066666666666668,0.9651548111695916,0.52,3.52,0.7973333333333333,0.7946200050218672,0.24,3.16,509.2451525387516,415.2545387358687,143.38675837713876,1628.782667414958,-76.65164019576572,224.94624807521657,-569.8647354172925,307.22180565141383,2.0596929979830154,-1.8343665512098348,8.8870050197679,4
291.9483687815478,114.5756627700142,109.8469079944673,507.71985481155787,0.886206896551724,0.23755320897347623,0.42,1.82,0.5131034482758621,0.15111734910979097,0.2,0.8,575.9222008629038,165.78154927027964,353.028001747905,967.1483625650285,16.58480586495565,209.39230006450646,-296.64768950738267,707.6535059563689,2.084794766104699,-1.6528304689872926,8.529493614570738,5
169.2252413209243,45.131521903421486,129.02257524062253,239.43337019571388,4.176,2.6256960981804425,0.9,7.4,2.212,2.222548087218812,0.56,5.94,136.93545222290902,94.81616382531605,40.30864818109661,264.2084958295249,-101.25777092366839,302.43672737067874,-556.3501227079298,289.9966292329949,1.8028896710618376,-1.7716381004484927,10.242103107940975,6
546.428486974874,151.50821175001303,209.07272628909772,874.7200590329588,0.9493333333333334,0.0729162643667063,0.86,1.1,0.6413333333333333,0.057758912334141044,0.58,0.78,861.4602764472961,259.6382982560071,316.7768580137844,1410.8388048918691,-24.134853641363804,157.49985549926853,-454.39189680533224,211.28173988584442,2.32747800750025,0.21613897671487486,1.8587616684779924,7
4466.461181736803,13806.314183498851,103.65065630279787,62567.607765293826,1.0333333333333334,0.7002951758603891,0.36,3.28,0.5028571428571428,0.5217771828773548,0.12,2.62,8444.92130080563,29261.91725586918,723.4540520727137,136016.53862020397,-1817.474275034562,6550.18761166811,-20075.335944162896,4118.054511377521,1.9246579840808757,-2.713870784495429,10.518892635585516,8
301.68430884223767,102.66481451277824,163.20907534761596,579.0847849178904,1.04,0.18004443895883038,0.76,1.48,0.6561538461538462,0.17645570374633793,0.24,0.94,498.1847885811941,248.58188943613257,247.28647779941812,1335.0011708308245,1.310678424106027,108.24510038318458,-153.6366311923295,348.65897512391894,2.586959003249303,-0.18426393452805423,0.2874741516583712,9
708.4377647510347,240.35812870336875,318.1894360543373,1368.5953954015552,0.8262857142857143,0.08026008143696907,0.62,0.98,0.5268571428571428,0.09342412550776569,0.3,0.7,1353.0601914483716,424.67795976663734,722.4848324462457,2359.647233450957,5.2209748277866685,114.19400838374624,-389.25305357900044,239.38088595254743,2.4220187537602413,-0.624583276166674,0.8787282546791797,10
284.6847888168669,121.46611643395863,198.79527420201998,370.57430343171376,7.31,5.1335952314143345,3.68,10.94,3.89,2.870853531617383,1.86,5.92,84.73809519666094,31.31222195987286,62.59701071481651,106.87917967850537,-39.805899353440374,18.339075054603164,-52.77358368523932,-26.83821502164142,2.126864232973457,1.3144550043593788,6.039712008465006,11
247.41625583626256,79.74256083489115,141.49742929888467,354.84270308200007,4.228,5.677527630932323,0.74,14.28,2.1239999999999997,2.637589808897509,0.48,6.72,280.75715659384946,270.900514514714,40.872046709455525,739.2556314208335,-148.1295515349835,81.04865735636088,-261.8169568125834,-33.64030172127785,1.9201264416254578,-1.64655209297003,9.519861906474773,12
144.41882398594757,45.62228533962281,101.00981099133358,191.97165949568858,6.946666666666666,5.771042655650133,1.72,13.14,4.206666666666666,3.9000170939796317,0.3,8.1,131.2133655075576,178.02002116041837,23.700204876010936,336.69936997111193,2.062691422620752,26.796895549436126,-27.566425909777845,24.60124941977597,2.380282650155328,0.37563341852788357,2.0197677035940442,13
272.11114510585395,81.10090179198096,114.54615015938788,516.9921775224449,0.929655172413793,0.10304238928784497,0.74,1.1,0.5972413793103448,0.10180150685539756,0.3,0.76,467.48808080354934,142.66895504106657,159.09187522137205,783.3214810946134,-23.737345541614573,203.78427981264872,-637.3369980360477,300.37428744107257,2.0376465318744086,1.5449563297645115,8.110286920576215,14
411.53842763024744,227.73884283386676,160.0948239298702,752.8569302915937,1.9799999999999998,2.2046677754255857,0.74,8.5,0.8654545454545456,0.9033312087641345,0.22,3.36,783.5434917126629,742.7061519220695,167.71912326578104,2490.854752986234,-62.37707163471784,214.08345771592212,-465.859895560977,310.12230062426147,2.2321030754964286,-0.7596501964221235,4.431471866447569,15
247.37632898410126,94.52520774699897,146.46914486770171,383.63032226315914,3.543333333333333,2.925403675848286,0.36,8.04,1.706666666666667,1.5776776181041128,0.18,4.54,294.9475770871391,270.24323354966356,52.40578123567181,813.7174714872318,-176.8727157800557,562.5270990849743,-1194.6030104026859,497.3210663143365,1.7543102699135305,-1.7502240758698029,10.128876340921513,16
601.8498245149515,665.9345373747323,101.11951505972712,2797.4446957600567,0.9599999999999997,1.020712763442559,0.32,5.24,0.4504347826086957,0.4650266684519733,0.16,1.96,2013.3613229504,2303.149492139456,188.60736609650317,9990.873913428773,-1.6507112599254805,250.8525460821175,-579.0586270691279,699.77249907822,1.9446379425111562,2.9393173627569604,13.353863628249591,17
342.0905628169889,101.33424036083467,207.8149600387342,526.1456504001555,3.197142857142857,2.675205377073657,0.46,8.12,1.7314285714285713,1.325285234348045,0.24,3.46,390.97299769099953,378.2499982655006,125.82277093335014,1120.0221897811937,16.032129247780095,91.54267494120413,-122.7776407338971,148.05305266253492,2.4969671808951253,1.0645390668193937,1.5791373701360127,18
354.8265267868641,280.3018178318549,127.39952122674013,1092.4827812962426,1.496470588235294,1.3009080539015363,0.36,5.7,0.8305882352941176,0.7206635014713463,0.2,3.32,615.4553876220656,616.954262205323,97.19639163722239,2366.65545094002,16.006287678292704,448.6206915299719,-1202.7060139207113,897.5345236002249,2.0784792622297044,-1.4290386816866563,7.394640930467144,19
311.79420274294193,236.60594994680287,100.04830601171821,947.4920063275949,2.182,1.0782063294605948,0.92,4.34,0.9780000000000001,0.37516811046664283,0.58,1.74,375.1353452824668,376.0351687924997,139.04809836757934,1393.3705975405808,-69.46832186407275,469.62525312125996,-1119.2312576618021,475.5167747063522,2.1979280669266688,-1.1561273858512215,5.429110118775542,20
270.49473557497635,128.0840813833754,121.23530642483664,685.975345777312,0.9357142857142857,0.4458651894864267,0.4,2.16,0.44642857142857145,0.2418480435944773,0.2,1.16,723.0647441409383,491.6883857817762,263.55501396703613,2638.366714528123,-13.001193837191867,268.0070558546733,-996.0061223522206,484.05762610974193,1.9778990063748503,2.0146698275634844,10.92524671555888,21
351.2275480904772,122.34810215076274,127.70999625091707,579.3428667493926,1.0238461538461539,0.7076274552224605,0.5,3.92,0.5092307692307693,0.2597987386716583,0.22,1.26,758.3631815811218,267.3997419347751,227.73704311780142,1282.9216776847747,-27.331215944066983,559.4719944930692,-2243.200204216212,1135.7998547341765,1.9769262002855625,1.7580190027196367,9.492308647778602,22
164.5040368472803,38.48725088960239,108.20657310817995,254.87325705850228,1.2687499999999998,1.363719790377285,0.42,5.36,0.5125,0.3826835071788,0.2,1.76,413.73782440099313,183.72391644646243,119.58050186634217,750.6944719585374,-42.16582403637544,210.36585619283733,-518.7910821287903,458.3477912352595,1.806130928716275,-1.8950301569529429,11.116253472998412,23
303.6387184059763,194.65595645113086,178.73828137315604,591.8695405415159,5.255,5.6307577938793765,2.08,13.68,2.995,2.6785754920604097,1.14,6.86,141.54275445967608,76.05793521184405,36.553896120006776,216.01078121953134,-236.56935889133644,267.4895558857152,-619.6414283636104,-43.42701115100519,1.8257947708518736,-1.6570444594373428,8.962221532902053,24
168.9588351819644,44.87164645699459,103.70836983670009,203.5877955213247,3.8000000000000003,2.268450278641052,1.6,6.42,1.5,0.7104927867332644,0.58,2.08,127.71852347140776,43.14396372691008,86.61489186609415,178.80753420120706,-56.5685445676413,205.8016276714233,-356.703210284186,96.1213720618989,2.1476284342138356,-1.6354701927878335,7.24932252339311,25
436.20246100837323,197.89474832488827,125.08248894161167,816.6555287361347,0.9958620689655171,0.2587541199310279,0.72,1.94,0.5972413793103448,0.12348789853157209,0.2,0.82,730.7265321806104,304.5301895808705,303.96846123677636,1317.186336671185,1.4733548475349867,222.45898427711805,-419.9288421238625,520.6005380310075,2.5431349080731804,0.19952222954277826,0.6755045810539841,26
224.82250433822654,27.466432624103017,205.40080357471987,244.2442051017332,4.4399999999999995,0.2262741699796948,4.28,4.6,2.28,2.856711395993652,0.26,4.3,493.5842087955634,630.4798538477628,47.767628738306946,939.4007888528199,-38.62297375814465,215.58366914958123,-191.06364812689066,113.81770061060135,2.2664037469935456,-1.2163152605180687,4.2187206580869185,27
284.06187935388056,137.34092584666598,140.93765072918404,497.8185797462096,2.4218181818181814,1.2853779069349074,0.68,4.56,1.3854545454545457,1.2738631295108878,0.3,4.16,335.55492531702936,232.3745575608168,57.89073580912909,892.6282192348406,40.40884347582123,407.73925316064424,-587.5031987076267,1089.2716277311722,2.0102176418302538,-1.5950332424236955,8.204229812330475,28
295.4186170456128,117.36064169803122,103.53807717434097,530.6143742494393,0.8133333333333332,0.21404828115793564,0.46,1.74,0.45212121212121215,0.16069687255352808,0.18,0.84,704.947204195693,326.740424754313,265.32867965068425,1895.05133660514,-23.07704480992354,288.34205084903266,-808.7077973685958,479.65512431881837,2.037716046798427,1.5097291575308567,7.882952107562506,29
382.2295912297257,264.8940014384203,101.46365774836741,997.5801178251818,1.2380952380952381,0.79942241054163,0.36,2.7,0.5228571428571427,0.5231934905667582,0.14,2.42,979.1497320121392,758.2202928277763,285.54905676244186,3064.446467420542,-10.890705888274798,495.3512455122882,-1913.4477165461776,490.4456668584044,2.092897410708483,1.3735868273402079,6.735294423993004,30
548.0902185464627,140.97817311736003,155.11016704929204,769.7682451557598,0.812,0.12206073705091153,0.34,1.02,0.5234285714285715,0.09683044177210755,0.18,0.62,1049.9986519270078,213.36038241621844,639.046209360578,1776.018863526443,-2.8387844031459655,98.82115812848376,-229.2797789757944,172.32149582781523,2.323966413024926,0.6532874504857975,2.6038894429742596,31
201.0310826781604,102.54745463805733,100.17466372552062,441.1244523291921,2.744444444444445,1.4077562920398465,1.46,5.62,1.3133333333333332,1.4566742944117603,0.2,4.84,254.57581671507646,148.425213747023,91.14141577049423,500.87331862760306,-22.88881411975683,435.4297918792733,-962.5734288262241,635.4876067039476,2.04839367399628,1.3700646179802476,7.716709851564898,32
461.72904853681007,539.6187645420665,122.22306254715548,1787.5388687872758,3.1133333333333337,3.6513696060519543,0.6,11.98,1.5444444444444443,2.060819685896313,0.24,6.76,523.1057369525395,528.7940890538638,51.3542279609897,1752.4890870463487,-36.18129215720205,344.5799999330722,-731.6675481389182,485.5853673482227,1.9738229039466766,1.5275106011255866,8.526800033321186,33
250.8349341844987,123.49334451301876,100.14087916232309,595.9456775721387,1.6599999999999997,1.9429240453897951,0.4,7.86,0.7699999999999999,0.9328121255314284,0.18,3.3,617.7685595564539,354.8503507846706,83.7553473379432,1139.8540440634063,-55.468306110664585,132.51193173960465,-291.40398565870447,192.00963713987466,1.7989270597208917,-1.8866874858107245,11.266328132931111,34
362.0678680111442,144.89500151654752,117.50859419592472,606.4453727241788,0.8814285714285715,0.4591757049783101,0.38,2.3,0.42642857142857143,0.26224408033730273,0.18,1.18,1115.9731312954425,701.5748876951119,199.4762810130343,2512.5953910137086,-15.637345004492605,129.8794327086532,-358.2064406291843,324.8874323285104,2.5663768639256714,0.15087904185716827,0.34944647164451315,35
153.96190492432402,38.505716858705036,107.94042743630672,241.43735918432782,1.275,1.0812444097817155,0.7,5.32,0.6760000000000002,0.42240414671010834,0.46,1.96,264.71548642374785,84.89306169198683,107.82185830295424,466.11156985463936,-19.61658574619189,113.17414798103454,-277.8548451558707,251.31253524209353,2.0447560768921855,1.4786494303294206,7.835008587757493,36
319.10687571358915,142.7296936351032,166.15736983209365,639.3555212388526,2.3080000000000003,1.6471173472329033,0.44,6.4,0.842,0.4620197205988314,0.26,1.82,460.9170744843218,289.55910374766853,211.3871830253248,1065.5925353980876,-154.38630715295204,375.12635234200246,-1014.9573248041112,277.21410746441114,1.9393819373257022,-1.52799138616305,8.48282596836828,37
211.15714923232963,107.92843158280982,100.89221081441507,367.3668277579302,2.5733333333333333,1.4538225476309,1.04,5.32,0.8577777777777778,0.5405963784973448,0.28,1.68,311.72877418409234,167.62069544858232,107.0344008761305,543.4560071570746,-25.44114422925901,130.20955415631542,-234.38149824378667,164.82769767233518,2.32700976850363,-0.8112295674622649,3.1515212395744605,38
763.9514898352397,556.6178549913601,142.34807618735988,2719.9581271020356,0.916,0.4444725661601237,0.4,2.0,0.4826666666666667,0.2702608361199045,0.18,1.02,1817.1839746393318,1273.6706987542502,365.3021885195296,5430.315377740323,-37.98027004411687,408.9884707611464,-1405.9314026258892,797.5837570300802,2.623835990320922,0.3638318662887531,0.5550950581381695,39
511.9512158188193,135.1565865805398,144.66502058109006,871.7913776480177,0.7664864864864864,0.04831702116785073,0.7,0.9,0.4821621621621622,0.06972705258263726,0.2,0.62,1048.8394613261746,183.77425421936968,658.2218111775273,1556.7703172286028,19.85316688824408,169.50096157219292,-302.8198044535597,438.6257002603659,2.257947443077679,-1.0324255860629667,4.356228701579573,40
175.88132628054703,71.81618274184169,100.70020314411389,385.01204073276676,1.7226666666666663,1.0497310313100392,0.84,4.58,0.8160000000000001,0.5308322306933304,0.24,2.36,255.35507922076778,105.16806485293878,91.50889500661218,458.99132761028307,7.734980300115634,153.06184636301538,-324.17921511898413,350.3390533566896,2.4162439593794507,-1.2330054087247408,3.0509162977226314,41
281.0176356069237,108.0111381991854,143.32982684169764,484.59353170418336,1.407058823529412,1.672646722659489,0.68,7.74,0.8058823529411764,0.8816678713064903,0.22,4.04,469.72274932973255,188.43487544142354,92.13593720756894,751.5702063212364,-47.74299906637329,177.57215829160054,-439.71755365714773,247.71820711650855,2.0553178117129245,-1.3556274315824466,7.274457999556551,42
216.06359751966778,217.09452090820423,100.55006037094176,602.9537582496706,5.172,1.3172395378214246,3.92,7.28,2.076,2.235414950294464,0.26,5.74,172.82939072811172,134.98786091239035,56.54276168860971,388.8031965668398,38.42444067500664,694.1868033120262,-736.115622775978,1092.9948677201457,1.7761937570255908,1.8209044434703112,10.694452991143942,43
254.779941920737,156.1049372702295,109.12594574522845,841.7619791179756,1.037857142857143,0.5537304942997634,0.56,3.16,0.5271428571428571,0.2301828120953582,0.2,1.32,528.4121980592678,300.11291486940553,134.75427503974217,1396.195558271072,-8.031933275401444,110.71370009110014,-262.3374231350568,261.1852668358865,2.165770538517704,1.0344794792967678,5.172307887803914,44
175.66698975750995,91.52764590370863,102.22877409480327,391.56298056599553,3.1574999999999998,3.3714335653716043,1.04,10.92,1.3575,1.5071804328423513,0.28,4.88,202.31296966075655,128.2465417821826,77.08886348131117,472.9086751198182,-31.381383042709828,63.502592529282914,-130.05642674555386,25.034823484227775,1.9329837037184776,1.6126721688539165,9.525488923851173,45
641.0985771054964,115.42653648373526,500.9814127522561,912.4781589027655,1.0592592592592593,0.04976297093575982,0.9,1.14,0.7533333333333336,0.07686151382644182,0.56,0.9,853.9747639652022,143.01042926353995,644.6375240281678,1202.4020294870732,1.548247476348072,74.94787691049956,-139.0880224004386,203.61040309222867,2.724163172671753,-0.20113988608640884,-0.572488320931642,46
200.83123178520606,92.48345762971887,118.74072022185567,413.20376044976365,2.058,1.2131300195957746,0.62,5.14,0.774,0.4772187944515364,0.26,1.56,359.3006724906806,257.26058650672053,94.24224138398267,826.4075208995273,-53.416809637314444,327.39480719490206,-729.0446857472377,629.1343842692763,1.8394738957737922,-1.7991585758457518,10.492682825118479,47
360.6513661048929,251.11259906805142,105.71161987352073,1068.1571286192006,1.5223529411764705,1.000921634118805,0.36,4.1,0.6729411764705883,0.49874548501568355,0.18,1.78,833.242679659332,837.7668407586877,155.45826451988341,2967.1031350533353,22.57507090289634,359.1404089670474,-660.3399170226785,966.4628815942858,2.273723333711159,-0.9526034689745931,3.1626054999334263,48
268.3965948992906,104.31774259497323,141.65958000507317,560.5946735330306,1.482222222222222,3.1847717723300155,0.48,14.22,0.8133333333333332,1.9708582782486355,0.22,8.7,728.2416224961985,333.8605644363502,64.43616937161272,1387.463783372832,-5.858365911616744,61.72384655274407,-211.85589426991822,48.22286036076637,1.8996693021831916,1.709005904577086,9.711369683154384,49
312.331606161772,146.03793822684034,159.7033309255974,674.7897395413257,2.6466666666666665,0.8006247560499238,1.64,4.18,1.6022222222222222,0.9145733674476009,0.6,3.84,212.1042260131658,68.0087893313681,119.18159024298313,354.2117791145841,9.353247648145132,334.82008805127714,-546.7540475168613,618.4232681651479,2.198391249036443,-1.4650203734209108,6.088443637130494,50
349.06832094463243,347.8685726543586,132.50831449146162,1110.7668730319585,3.7542857142857144,4.894836930013969,0.68,12.06,1.7228571428571429,2.215804701725871,0.44,6.5,329.19667332721065,246.17459061964897,66.15593992157477,831.8505241799292,-73.45153526593181,204.20623675357058,-521.0357583977179,73.93984518265134,1.7863912917750675,1.7895144488701242,10.112104489814335,51
333.13082647045275,323.52499570324613,118.58521658270848,1213.0670858117282,2.052,1.215463331866129,0.48,4.98,1.2360000000000002,1.1558469718012943,0.22,4.1,360.02199265515173,232.68475824108518,100.49594625653262,811.2465828253241,-43.058086423731226,318.71933691472066,-383.85292350233806,501.90379000224516,2.5120195428742167,-0.8866759126886486,1.1318250451168481,52
340.28703784241264,236.13108810771266,105.7218762363382,902.6774115037315,1.8654545454545455,2.0699196295332998,0.7,6.7,0.9181818181818183,0.9831563271608251,0.44,3.48,597.2419361227558,480.18127758197585,49.40274590483094,1611.923949113806,-1.780262429378937,58.07900596068276,-106.15857987060714,76.81132504086366,2.2669007982532987,-0.919377933065941,2.7692154045374275,53
142.92916479027286,37.68457423051956,105.19375700062699,220.1624907179572,1.5253333333333332,0.692220718997578,0.56,3.02,0.7386666666666666,0.41109377912843104,0.24,1.52,280.3005574593301,193.7144449786269,90.68427327640258,739.2161241116117,-6.594513469700314,63.61547164635075,-137.17671113097924,181.9203248607865,2.0811750436239675,1.487664225824885,7.593403147637426,54
216.3684710184715,86.08211858891798,127.54319804875504,356.73168715706754,2.5075000000000003,1.374125696059654,0.98,4.3,0.8825000000000001,0.3649559660326943,0.5,1.46,267.8009693388327,103.41648273669503,119.23077485174771,391.80178124686887,-25.638516091018673,273.9531279765167,-525.4395609902693,418.12595773143164,2.157932554561877,-1.2030049960672442,6.110880714970985,55
878.9781902950599,590.5663874258352,221.20376485808345,2756.548721631147,1.0975,0.5340350908515933,0.38,2.76,0.5816666666666667,0.26916403058789046,0.18,1.26,1684.9826183461998,1193.8214573731561,345.5929235786924,6264.883458252607,-39.80826071478533,706.2052345011629,-1289.6280141120797,1519.877027461334,2.775696725353197,-0.13884422439193872,-0.5041665287918184,56
539.8897769170799,344.20869261334246,110.22605986250534,967.2133774324398,2.206153846153846,3.126162552986058,0.68,10.68,1.2553846153846153,1.5701200346078394,0.38,4.8,929.0758919808069,669.5865225989088,22.96376247135528,1837.7415276381882,17.064391063811936,129.8164016932621,-119.89595223673592,361.4184600075769,1.8560530007151654,1.039606049357039,4.801654498750077,57
228.7327459426706,140.8120238049244,129.163609037607,328.3018828477342,11.71,2.95570634535977,9.62,13.8,6.949999999999999,1.6546298679765203,5.78,8.12,31.388955761387074,12.787758284538084,22.34664516221574,40.4312663605584,-117.91687553643126,61.67345052649006,-161.52659062288544,-74.3071604499771,1.8452499635758572,1.744929480632597,10.343609984750719,58
217.10506520319427,151.33926370295728,113.67748473208854,536.7107784499321,3.2375000000000003,2.052968234393453,0.74,5.62,1.3325,1.3841939376918457,0.24,4.44,244.15063048433205,145.80085160007422,111.12555144272238,484.01885531676635,-0.5771522959131872,353.5515144079895,-495.0479498572417,684.669917044658,1.8113737325839356,1.767559865085642,10.751362467407084,59
224.0579951843482,97.17712357567159,136.5066909424901,394.70009694262023,2.8244444444444445,3.927515471360715,0.94,12.72,1.5711111111111111,2.1047354016861863,0.58,7.12,236.38994200277213,140.1886274690247,50.26728795015054,533.3785093819192,-8.427938938317258,101.59329026872682,-180.62128102028262,117.06077812708216,2.0662365279369963,1.5559601676957033,8.082877609250273,60
232.9027919538952,125.53624346310494,100.26872709654205,478.0468850127261,2.142222222222222,1.0524943916451264,0.42,3.4,0.8133333333333334,0.6479969135728965,0.18,1.9,448.6134666849856,416.80708492106584,130.35415890780098,1493.896515664769,-41.385949785744984,192.31635071433604,-408.7820191656696,281.0039279659107,2.024632436314926,-1.5393458899715076,8.665483437037988,61
294.3016710453048,123.69444429952513,152.41760051442716,443.8873511379057,4.125,2.0273710398773415,2.66,7.0,2.035,1.2575505291372324,0.68,3.24,168.59378228961668,53.82055893666696,102.30402319230237,224.14353016827522,16.72440499186039,79.95440078522064,-53.17937050252277,91.9324579674008,2.221318833890002,-1.2907622716186131,5.771691337981606,62
483.9638704687487,185.88294214387142,152.89212282393524,808.4577410931407,1.0414814814814815,0.5703959738213156,0.46,2.42,0.5459259259259259,0.31694769356447516,0.22,1.4,1116.0452203491097,640.2252099421432,245.76106448766555,2511.3157619535814,14.114639582431934,161.01678064908202,-288.34052451739865,378.03320471224356,2.6204828604447377,0.09968750961143182,0.20833415954784362,63
480.27008882027354,486.8014577241399,118.1533784140273,2286.110509448769,1.6341176470588237,2.5788928312929404,0.66,10.82,0.9552941176470587,1.2687696680596658,0.36,4.6,662.8312682114274,308.16335928039445,114.54274770138126,1164.8871888701424,88.83030480316808,462.4669078697294,-541.8695485277077,1424.485806617011,2.0886056728769007,-1.3023013932150385,6.557581791631458,64
243.04238433223273,157.8608963046685,112.72071938765264,492.1571672782503,4.332,4.1251812081410435,0.76,10.48,1.8960000000000001,1.955218657848784,0.22,4.34,271.7134200762055,212.8147693512655,83.68348204013826,512.366906307512,10.961664131920433,298.6723448599557,-367.8634604037121,466.3722461223485,2.628105603630337,-0.08266358758867391,-0.42635256880114714,66
422.36174238914276,194.87847495635913,111.74154220703596,836.4919134568258,0.9167741935483872,0.3940591080601504,0.42,2.24,0.5180645161290323,0.362816935977716,0.2,1.7,1115.3096017184298,781.7528052682154,184.65076293584195,2846.5461491222077,-1.239369405944117,121.8723353799079,-428.4389302009125,212.36818550673277,2.387385986246972,0.211308586351848,1.2927927247957234,67
345.99004062323155,364.4069408787743,105.1298371771629,1695.3275236266431,1.4922222222222223,1.049529617638613,0.64,5.02,0.827777777777778,1.0257654562529537,0.26,4.62,529.1795094920841,343.6516527732331,189.31370467218014,1643.374777661679,-2.929851693884883,399.3970639759116,-419.6930985385235,1359.2125366858227,2.021681478421246,-1.1627086166786005,7.324045919917264,68
228.70382463509307,168.56722889934565,128.48243029597108,480.97321730054045,6.1899999999999995,4.268910868125499,2.44,11.82,2.69,3.045849635159293,0.9,7.22,119.93644183253113,57.47785735611904,66.61678909979786,170.5264195056106,-23.65528727369138,135.0830097775938,-182.33927631880266,135.46979039159967,1.8895635498587924,1.6687295830386317,9.420874337868963,69
388.45478209222046,343.18729993811223,105.53764802997189,1525.3992280790171,0.8375757575757576,0.5269192911575163,0.36,2.66,0.41333333333333333,0.3994266724527377,0.18,2.4,1209.5429053002626,1309.4013272917198,293.1601334165886,5866.9201079962195,-78.81552949551018,546.8792504365588,-1634.3480400169208,998.0100964041139,1.9713415312012057,1.4840836887441546,8.445613622781243,70
412.52346196329887,206.3834398857017,117.74430265446591,851.9292694607358,1.758666666666667,2.0753033054288257,0.72,6.88,1.1413333333333333,1.6153631465519127,0.42,6.54,707.4753271059094,511.80545001966965,71.93111919899664,1638.3255181937227,-23.334747342573124,217.29376307239522,-268.7732857243864,540.0518427497233,2.224834945373129,0.8409347642504371,4.196690164606961,71
541.5531219320285,588.2208399989297,104.32576931515703,2579.3208566029953,1.7449999999999999,0.9754725350652711,0.48,4.3,0.7475,0.561040699652589,0.26,2.28,854.6281334805313,708.6483858579602,167.80980294263605,2631.9600577581587,23.58547582475672,526.7223909095592,-1547.3173416297152,721.3133626798017,2.3829777124383846,-0.15712641609691466,2.3357268051041853,72
179.23671321841127,33.59711180989635,106.2721798597612,213.51880640640468,2.095,2.11061940806823,0.6,6.92,0.40750000000000003,0.13220654835737686,0.28,0.62,476.9134190788782,171.48333480354816,279.66363120989786,744.1907742133768,-34.15623045356867,110.10696633433372,-187.72690487839412,148.64496417552556,2.370246205702802,-0.8010139246424149,2.815834252122553,73
341.11027807781744,181.8681841115361,120.12850136612485,702.227913463257,1.3966666666666665,0.7897952080053634,0.5,3.42,0.6422222222222221,0.5449614725243865,0.24,2.32,679.0555493274707,298.4345732323679,121.36992125647244,1302.1208042070305,33.36993995353268,328.7396940264363,-646.8168829314535,885.0158635167004,2.0561209589293545,1.1787620861333479,6.569219826188505,74
265.3247374687383,173.16000559350528,127.5812010001276,591.7176748881109,3.7066666666666666,2.547364651294876,0.88,8.16,2.2966666666666664,2.249530321348585,0.6,6.72,166.50265979333926,109.62821202105017,46.96530151167897,341.5765886441097,2.6642412885800275,155.07841783689588,-175.50700938592396,271.9819670803291,1.8924667424788841,2.626807196885485,13.458280179968877,75
330.2656065152592,301.34248196635446,109.25515199373018,1372.045167098273,1.5566666666666666,1.4031770673556996,0.54,6.5,0.7977777777777778,0.6489045570675295,0.24,2.72,716.2424423928727,1170.1017391868036,95.13867794443658,5277.096796531819,15.273424808043346,119.07043753707147,-288.5837825468494,172.99308766502082,1.7722803456445362,1.2316536102218818,12.039443413890684,76
159.45549515122548,12.46510399261306,148.05999115870407,170.90650668224168,3.4299999999999997,3.5657070360121663,0.46,8.26,1.395,1.115153203226654,0.22,2.72,277.3184028128428,337.752965590368,62.33666025820707,776.8477576465531,-40.41877971682343,347.4332001201267,-375.44150265745674,443.05211151852296,1.5035218095822898,2.1663173270372917,14.595867565505479,77
859.6908073656406,817.5034979009001,107.40934663708316,3605.780136463111,1.0169230769230768,0.5797569782643016,0.38,2.94,0.5484615384615384,0.4693543847260175,0.16,2.24,1786.667993568049,1379.0519753177573,383.6048094181541,5815.774413650179,-68.47511425879868,1330.2809379452829,-3063.874388470961,4232.964605176299,2.5444820594224735,0.0594738491109504,1.063986126505954,78
372.501613025873,369.09262031391825,104.09437935172612,1807.3714858169003,1.431578947368421,1.076668024549684,0.52,4.64,0.8052631578947369,0.7189449710131014,0.26,3.26,597.1174780830529,366.3024877106382,111.71297609608713,1435.4308666150723,-4.5216399216379255,244.21732767484352,-775.890783667026,484.41021068598343,2.072746753256329,-2.0623153724797927,7.752071877277059,79
492.89821187829546,264.0701137623275,192.69250324191057,1109.091094853059,1.8386666666666671,2.2638711051984344,0.68,7.6,0.9879999999999999,1.252763801702916,0.26,5.38,818.2874122308075,645.8589644970118,62.88875513532838,2772.7277371326477,59.780317952164765,496.4806060859165,-547.3894833163728,1147.4691648853102,1.9005251037142377,-1.380191756704268,8.62449521376324,80
769.4192045418612,627.4047868325624,146.83015138130042,2878.6889575716546,1.008888888888889,0.5351443610648319,0.38,2.42,0.522962962962963,0.4154961336005873,0.18,2.0,1723.6506109015327,1430.6638576372427,323.2108843583374,6228.690446106957,30.52489654650869,949.8423682456641,-2724.0419051805507,1965.9182403523935,2.340529571214407,-0.7659645821010764,2.7654567678272306,81
574.7930777504656,517.5240932470413,106.90638019034662,1616.8070533447988,1.2447619047619047,0.8529221479573563,0.68,4.14,0.5723809523809523,0.3935721631658515,0.2,1.8,1102.9075834525095,880.8706746374468,164.0857177958995,3487.5961236878215,15.180775685824276,404.29279833852144,-768.2465529127473,779.5703198538594,2.489628003695667,-0.43618049900177586,1.3264736044524241,82
201.041121772575,59.46432517927364,164.3046764773599,289.5579904873349,5.640000000000001,3.429635549150959,2.64,10.4,2.645,1.6253307355735325,0.28,3.88,192.95545097801602,262.7863611605906,48.206868518938585,586.802415990571,-19.922751310951988,261.8090184206916,-309.77470054767093,325.69852635309604,2.095568224217273,1.547525340049413,7.130652268643729,83
317.0038149948409,155.32732390206448,174.27180061331623,670.3535838896871,1.8028571428571432,1.3442265638444493,0.46,4.2,0.9042857142857142,0.8186359600975485,0.22,3.14,625.9424763044134,576.7709126418086,92.08527801208248,2272.46572054889,9.595942108780267,99.22044897115344,-128.84749721642515,262.7067049801509,2.40284774056928,0.2137125509373538,1.6218899386548804,84
298.75968077433913,149.14063400843818,118.8082011071291,644.5929116424804,0.8587878787878788,0.3243816962291258,0.52,1.96,0.45878787878787886,0.24713050165547118,0.2,1.02,748.1891341877557,347.4481901178622,179.1409834123442,1422.713541415754,2.232935282716808,158.7071331207139,-324.9263516167924,569.7173536126094,2.4067535154378805,0.09638750280232247,1.5299549707528683,85
263.3117874487354,172.12190116357175,100.22167399483322,554.7032518489627,3.8571428571428568,3.7498698390109237,0.8,11.66,2.1285714285714286,2.6116880146208667,0.3,7.36,258.72734527340896,148.7856648216707,18.050798612373722,440.24067607060533,39.37044766302527,104.43318393624284,-108.27331458270497,214.3214827113534,2.089290855837905,-0.4034002796827319,4.773968932410772,86
390.147811769224,275.54058832310625,109.65103806517142,1360.7790769515766,0.8666666666666667,0.37711625086525596,0.46,1.9,0.4260606060606061,0.23470645754244004,0.18,1.22,1009.5692881055842,719.7257437957647,274.1275951629285,3505.175886347821,-10.203612161404347,173.10259372563416,-413.5539045719186,373.90056901209095,2.3537187626347715,0.804718001139716,2.166085315481884,87
558.1924923182704,506.3653805131696,122.78842249051581,2355.581875195368,0.9569230769230768,0.4990452422838573,0.44,2.5,0.5538461538461538,0.4333966028761824,0.18,1.94,1263.6860575761345,1151.3843877910372,160.44493876770488,4491.700328190084,16.877348653084447,433.52987311589163,-997.4591322778633,731.0056322753564,2.266551376482594,-1.9084023522943574,4.504200603676782,88
365.70120907996926,210.3501490948349,108.32004576817916,671.4233157793375,1.8333333333333333,0.8573249445840594,0.84,3.22,0.9366666666666669,0.5439808374521583,0.28,1.92,558.1156669804647,585.3615526429945,149.47526549865546,2196.3009476765124,-73.78223574528418,269.4998783406011,-530.5734171351369,475.15166659797245,2.3265015885394056,-1.0833756800939838,3.7115796259171026,89
203.4007902008061,112.5380757204786,101.23659235725675,484.8504485530077,1.747692307692308,0.8822145793980986,0.44,3.24,0.9492307692307692,0.7665339907495029,0.22,2.54,319.5003999938432,194.52487774782085,91.90087075635364,734.6218917469813,-63.34592987981236,249.044060240674,-648.9289334358465,293.1033466348036,2.029201531513399,-1.7072041420447392,9.019890384797627,90
271.1311967172583,98.73699109004964,101.14669792186976,435.09606806353133,1.6514285714285715,0.9342282470480207,0.66,3.6,0.8757142857142858,0.7382798540236235,0.2,2.96,461.24328729325805,272.0114356797579,99.16342933516643,919.1948793134179,-39.44558600061628,146.58631212728037,-273.0027675977388,336.31817296979995,2.112970880123632,-1.4820651118490675,7.829255293982099,91
283.94455979753593,139.33882500227426,137.2322964056575,739.7826240284211,1.5023529411764704,0.851700720703616,0.5,3.18,0.7094117647058824,0.5851973020725071,0.22,2.5,539.2027447989516,245.1064312182424,117.88198660500794,861.0637949877813,2.4062534521775625,209.29306166805208,-294.2666880603463,584.2372205673545,2.4665669695442487,0.47254920620944546,1.3692701118825257,92
283.94455979753593,139.33882500227426,137.2322964056575,739.7826240284211,1.5023529411764704,0.851700720703616,0.5,3.18,0.7094117647058824,0.5851973020725071,0.22,2.5,539.2027447989516,245.1064312182424,117.88198660500794,861.0637949877813,2.4062534521775625,209.29306166805208,-294.2666880603463,584.2372205673545,2.4665669695442487,0.47254920620944546,1.3692701118825257,93
368.99190803034486,228.4781796993592,108.23134076895994,1192.2806279369881,0.9807142857142858,0.5688580410783265,0.42,2.74,0.4814285714285714,0.3285401411374634,0.22,1.78,989.9643951074864,819.5646073503339,234.8986491127387,3311.8906331583007,-23.575192632320398,253.54500263382556,-621.8793147644418,602.437448611062,2.137082066296816,1.6145080439118198,7.431591135065506,94
219.36297403971034,127.57813747367673,103.96150661526829,477.5987539557558,3.768571428571429,2.8660276142623413,1.14,9.56,2.334285714285714,1.4966502279296605,0.58,5.04,140.03440055161946,139.1135930410305,44.810994230719096,437.3770828305784,-41.979042042943874,108.90838050671121,-223.88803393503963,89.32968309248089,2.0443127616520886,1.730642921667369,8.802633670410254,95
285.49068474140495,220.3397553733942,110.80800423532222,656.583694064049,3.4160000000000004,4.966032621721288,0.76,12.22,1.8920000000000001,2.2129889290278886,0.46,5.66,235.96695952233466,107.22324199114249,54.30255368001946,320.7733036639452,-84.24947169378285,221.14207563194248,-221.19812922600775,304.93494332633867,1.8910663216323014,-1.7416392742191154,10.30120592074407,96
355.48917642093704,446.14912244336267,118.77804689181076,1148.8222236340398,5.264,1.7004352384022157,3.1,7.08,1.316,0.38455168703309567,0.84,1.74,244.44889495163753,253.0697420884251,83.11304463812617,692.0615805024337,-21.500783573286547,402.4823568205661,-469.1986106542966,531.6917775187583,2.079158687014253,1.1037648784263014,6.05442345701772,97
262.69883132000473,143.30624152032698,101.10498803583624,552.3071062338918,1.265,0.7490972344540239,0.42,3.2,0.615,0.5019694545819828,0.2,1.86,612.3078022521438,532.0387493637061,200.666412844485,2069.0945881872835,-15.064024390345807,196.44000244240047,-538.7834248973513,274.20196215860585,2.174358081116262,-1.30173483212185,6.310368009604245,98
246.12814248744846,68.84043952919203,136.77406644650932,382.96625202461075,2.4963636363636366,3.8722584436663645,0.76,12.98,1.4363636363636365,2.101710126193775,0.24,5.86,440.27547006256844,251.5324269121567,30.06806667411049,902.7285217461167,4.197707604968145,87.55987930799185,-172.72459084468503,118.58463249119808,2.2563924459142384,-0.11110791935484517,1.8444785947745057,99
245.46367259740333,95.56772877176357,107.20636949208932,415.53302354441354,1.9171428571428575,1.2418561081730015,0.56,4.64,0.7385714285714285,0.4859543685899411,0.24,1.92,433.33803244592406,226.84915985130982,127.14815354436925,831.0660470888271,23.51399478631003,194.0960525434491,-331.77314967271485,584.4090848893824,2.411673716104675,-0.7166672453534293,1.9335316762577026,100
572.8550191680945,399.4623729422378,121.83120337639133,1426.0195905017808,1.3276190476190475,0.6581633897589926,0.34,2.48,0.6361904761904761,0.3892361261557846,0.18,1.5,954.005739727242,577.9651275219845,338.44644302629956,3037.707929339271,36.763240629099116,309.4217428425202,-371.75490507496494,990.4546621366734,2.567293693776497,0.12422019187441008,0.389162948455096,101
654.6627573138967,528.271455006249,133.9583188351425,1845.5936570951903,1.68125,1.1984538650555834,0.5,4.24,0.86125,1.0277345636560704,0.22,3.72,1357.3648705239953,1397.0955637993236,129.77088413540812,5767.48017842247,-107.99213749548628,1188.4905656881772,-2797.3775272784587,2092.9520147079156,1.8582585043080542,1.6905521806068167,8.710469963875072,102
262.26756030097823,132.56091101019405,100.93434665385152,501.34151678026427,1.2238095238095237,0.7704964386061508,0.38,3.02,0.6409523809523809,0.5474112235048233,0.16,2.36,575.538161819122,358.53553367903714,171.37814999538753,1671.1383892675476,-2.7825508153253966,126.70367297244633,-155.5008510383349,278.76021318776264,2.6924746204003633,-0.5943700465948357,0.34149625223273805,103
388.1209526840004,392.7183364227916,126.39304057534716,1829.2519820703553,1.338,0.8060011753942063,0.48,3.92,0.563,0.27956921749080504,0.22,1.34,705.7156884897145,489.77565062490316,215.54467712563175,2032.5022023003949,-11.94042925561032,165.25657221420565,-351.2858220365242,352.4734501097904,1.8944775767352573,0.02960188999380481,6.610253426360732,104
477.7330938452725,89.1053710191018,271.48165615808125,754.5077081391124,0.7305263157894735,0.08708328937725336,0.46,1.04,0.44210526315789467,0.10467860450837492,0.2,0.56,1149.9090074287508,376.8544982809101,654.8307723741273,2335.405649094904,30.651838275628158,209.55940736569045,-327.4028194844142,570.3742411133779,2.1283337767512336,-1.5181412640749974,7.395177548556086,105
3821.4839781860937,12153.36533434282,136.58803871582495,58109.844488556046,1.26,1.50422895926942,0.34,6.1,0.7036363636363636,1.0224459257074046,0.12,5.16,3439.871647093641,3440.640819767654,438.39235892823837,14436.963191405273,2377.5156272288236,17840.518446775,-22073.49374774259,77776.83641502165,1.7867440814903703,-1.3420768754241374,7.852933955169847,106
224.62851950555728,95.81985952012391,105.75588026209208,490.01097944963226,1.6411764705882355,1.8087353397918018,0.46,6.66,0.8129411764705882,1.4932337589351272,0.2,6.38,576.3404195861206,324.9126108066142,76.80422875386085,1181.7925306876175,-36.07886801092732,163.86986959622845,-222.91016209220174,343.5892802561135,2.2034363885159998,1.6205770460987958,6.90650326506263,107
429.26579957305484,339.08103337016934,114.43812096788949,1675.8463356343696,1.0251851851851852,0.63779892159478,0.38,3.64,0.5348148148148147,0.29297375007604054,0.18,1.28,895.9716544497905,632.3116760260983,297.6856396498456,2793.8884924257086,90.42756686679493,790.7415811932697,-1296.4233810485882,2149.1624678765475,1.9111240124048612,-2.2917049355022696,12.368010288261914,108
300.25616794699397,153.3123197620407,112.73709123798528,474.9700425857552,4.895,6.374331337481603,1.24,14.42,2.9,4.593212383506776,0.3,9.78,321.03416582201913,217.55469896448042,48.565444027173335,573.1617344879352,-53.69852814378366,320.0034960608948,-504.9073015410525,237.15959122047144,1.793558091677637,-1.841992389711882,10.613949964563991,109
428.10307606072234,311.52336909438327,120.5585661356136,1051.9000694933104,1.6693333333333333,1.0655077037106144,0.36,3.48,0.8400000000000001,0.8588364221433555,0.18,2.98,824.683563659442,868.7987158566781,178.75626006738557,3287.187717166595,-34.04002285604445,416.50385821588776,-1104.2868031528385,515.4264910825659,2.082395788828006,-1.6813121694303752,8.184082092022296,110
320.12339773694714,,320.12339773694714,320.12339773694714,19.5,,19.5,19.5,12.6,,12.6,12.6,25.40661886801168,,25.40661886801168,25.40661886801168,-745.7097905165597,,-745.7097905165597,-745.7097905165597,1.7240174192856352,-1.541921845848542,9.13253633043149,111
154.3218791758186,30.61835223510495,126.55157575955374,185.73577519840657,4.5649999999999995,3.8400477427587627,1.22,8.72,2.16,1.5789447953195408,0.7,3.92,129.6676135234519,109.22772389846149,32.28356524478412,250.55547910499018,-12.625643107675296,34.97039776771219,-43.40354920911439,29.955197381515575,2.3566203801305923,-0.9764161630419755,3.368994121380851,112
585.1549086176967,639.2601977275821,109.86763752132984,2918.852592125843,0.889375,0.5506121959442786,0.38,2.56,0.43875,0.39516227781311775,0.14,2.24,1674.7916791415835,1937.0434565534113,200.29848822579302,8584.860565076007,-2.2344723620023217,274.7699727592823,-957.5158261892541,383.1829966419369,2.0447618142604895,-0.22803577911145556,4.620802788333619,113
210.0712040978122,120.00547000883411,100.67466106598022,421.55894942239684,2.2581818181818183,1.5495665082971959,0.7,5.8,1.4363636363636363,1.2222542511873111,0.26,3.18,266.93031319236513,209.60171628215056,50.61808880464938,714.9570682683052,-46.58210626969549,89.84343868439156,-208.3029570744364,88.72533890287029,2.2812242640024056,-0.8912075705819087,4.078414270561095,114
488.43581767871547,681.6221674960216,135.5060486365417,2407.957122979533,2.644,2.1639634418764513,1.06,6.46,1.118,1.1755074554326645,0.36,4.4,438.0324406407217,268.63765671422607,157.56517283318803,1036.070806153275,-114.40403319215935,1827.229865601145,-3264.862519590447,4026.090200739272,2.1767248213580594,1.0799422343729332,4.441859891513333,115
186.06672132004246,58.73360665433999,132.98769955620406,261.12311862484586,4.59,3.0060605449657865,1.7,8.48,2.125,1.6219638302584514,0.52,4.3,127.77972897460812,87.32621044896194,60.7263066569409,255.74557606962318,-81.16925220968835,179.45459306869463,-255.31559405820445,150.69819615064895,1.8868289034592136,-1.6983542352940435,9.660647598262704,116
296.2089515725328,,296.2089515725328,296.2089515725328,10.56,,10.56,10.56,3.28,,3.28,3.28,90.3076071867478,,90.3076071867478,90.3076071867478,-121.44420970658061,,-121.44420970658061,-121.44420970658061,1.7678239080503082,-1.7511079846417372,10.155363984534455,117
1620.2196632925468,1739.4366005265613,203.4324871550234,5974.307917893517,0.902222222222222,0.43096790290383963,0.32,1.78,0.40444444444444444,0.23529577676639793,0.18,1.08,3751.4767101554467,3505.971484430372,847.6353631459309,14578.934378779108,-90.96726488868877,1229.8975344537253,-1973.4547375546836,2773.630540924887,2.488560410141471,-0.07679480230055118,0.5683891068979441,118
657.9418919077564,744.4588172060976,154.43208376575316,3453.4703516489867,1.3704761904761906,0.8719086889719371,0.42,3.18,0.7152380952380951,0.6196742615892566,0.16,2.32,1082.913918509198,614.4251915994264,127.04007689912353,2367.6451782366985,123.0865525985448,1118.6598325050809,-976.3791309493109,4563.475693228584,2.0626988615132236,-0.08344522784337978,4.286920806793539,119
554.8501725248661,611.3435955939215,102.7043974943997,2464.2634734650414,2.052307692307692,1.8395024410881413,0.84,6.42,1.2323076923076923,1.3880571184582298,0.44,5.54,554.0707841372486,373.8753292379407,108.17805832400138,1372.435419760508,25.778889486150792,1134.9515684335668,-1117.1117999385792,3498.3182049388256,1.760709175091774,-2.261396900084655,13.754186007135253,120
226.80399178495614,88.03681302659096,136.5862545609112,538.5411876332209,0.991111111111111,0.4370648018608236,0.62,2.28,0.542962962962963,0.19300886418095323,0.24,1.14,436.57724517827114,139.10720192573214,268.00147348861975,739.4653071256921,8.111821614521705,138.83009913826982,-277.50779043353526,392.49275675596704,2.025626738304704,-1.7948559787981246,9.184390443183354,121
275.16902558140055,159.40955092484324,117.12080842480606,629.2759182748915,1.9299999999999997,1.6649215105714852,0.52,5.64,1.34,1.458891235275487,0.22,5.04,517.5863484107223,509.55626434325495,43.47536903651134,1755.2502649650091,12.726439824786814,167.31246829303313,-407.87390542085853,235.3137784634094,2.3381125681175314,-0.5796912056465606,2.20458155379118,122
785.4903414985605,785.887375006088,121.03935605471486,3183.8311421335393,1.4166666666666665,0.8845936255439224,0.4,3.82,0.6266666666666667,0.5291057939358352,0.16,2.16,1200.019321911332,692.6485776891901,428.4488750530397,2877.7452013708457,-118.21803325588537,1091.7464694063974,-2859.6753132103768,1528.5347330977374,2.007152031890983,-1.702349374187792,9.718522707076911,123
343.41634850415414,234.49335491318632,138.09170733570448,978.6171771994464,1.3820000000000001,0.7059118776075158,0.7,2.88,0.7030000000000001,0.4714713810592269,0.18,2.12,651.6465423395431,482.5863339495961,119.60843886476337,1875.345794183912,80.62965453006049,559.9327698951283,-767.224524024807,1771.1067605371875,1.9333593896125496,-0.7645767947973056,5.380726582171624,124
206.0461855481579,64.92345018815539,125.76661044861946,351.50231068359227,2.9574999999999996,1.159923027002839,1.62,4.84,1.9500000000000002,1.3096564434995919,0.5,3.96,181.67937078829598,147.04665473807546,46.92783971963412,418.478839357158,-31.234155480046176,206.84626773665107,-428.983629212077,203.9288796472911,2.431782283472326,-0.6370635385772099,1.7411095537037538,125
675.177359984827,635.5199483037973,155.44815591377545,2985.2744451558015,0.93,0.46903422417588664,0.42,2.42,0.522,0.4272235948540296,0.22,1.86,1821.534121873133,1641.691652091522,187.77248653103837,5749.459584627871,16.414008050001975,369.4580533281374,-865.7151145105948,731.8582465662863,2.2244230283518056,-0.8345491344577284,3.161068132381539,126
170.2181658229225,47.27473375428611,100.75103492127909,241.0212898420842,2.1733333333333333,1.46046899897591,0.46,6.1,1.2416666666666665,1.395563316262279,0.2,5.18,271.5048010561982,184.87272758669297,42.72668229874657,553.657354246434,16.63654548771976,102.30961777289308,-146.4173009451102,199.1921947924605,2.2422595491977098,0.2780336369481835,2.206521604869037,127
289.03461153790903,179.0709173743356,124.31989015220981,721.7167298981643,2.686,3.0879989925156672,0.66,10.44,1.038,0.7739336750221774,0.36,2.4,418.44318397356875,381.47604988163454,79.5747568885379,1288.7798748181503,-116.33526693877357,425.60792452102066,-712.3633008827494,732.3817542684903,1.943978601607674,1.0764743249864548,7.493959565272576,128
281.45639265785206,151.89820545943422,103.84817423619086,701.0474250558934,1.6625,0.9622161919236238,0.52,3.6,0.7500000000000001,0.6308090043745413,0.24,2.24,540.4313520828238,397.88655373535204,105.14500132991247,1812.8929077017426,-24.283905275976224,456.86584986738774,-1452.17433380966,577.3902333922064,2.00687151751714,1.5186126626127403,7.614747512713462,129
3180.7037335812433,10758.578495159476,112.77788225642985,52194.2338788299,1.102608695652174,0.8770882478213943,0.36,4.98,0.5826086956521739,0.2446745034698576,0.14,0.88,5212.327280527132,13419.73948484664,289.3197113736383,59311.629407761255,-810.108299205653,9129.848358274498,-27942.827071372732,22493.347222408047,1.6590243898518726,-2.532511676303539,7.761617367618113,130
237.90992578717876,164.02031911163866,100.74894345962258,784.4764055007535,1.5305882352941176,1.2677365192945027,0.44,5.16,0.7341176470588237,0.853398052080105,0.18,3.08,533.4074179301234,281.7645144395583,48.86129990817304,905.3494763194735,-0.10203744778504428,180.96941908555422,-456.81440145432157,298.446400207473,2.431924866153131,0.8534832439532924,1.8850554814262477,131
1116.591156146575,1933.0296958988417,116.99124562592037,6704.7019514311705,2.1784615384615384,2.627349254013273,0.4,9.4,1.350769230769231,2.169433342059863,0.24,8.1,913.0760917656366,961.1085774015565,224.73810612921065,3589.2691913467456,11.70369283503342,1513.2520294730964,-2058.697793041913,4336.573781409304,2.104777781516702,-1.3674066473795041,4.634714160639711,132
375.08876282881727,314.47388049591115,116.92885948464998,1520.2320745213685,1.323,0.9151192041995059,0.42,4.66,0.5890000000000002,0.3917289610781521,0.2,1.52,751.9378772067821,510.2248802962067,217.0475473646478,2375.3626164396383,39.255261384883525,452.133039964491,-1231.0120091672882,1028.1934580750171,2.0604843732837206,-0.789344392740707,4.973342493449665,133
224.23627728971553,110.73422788061315,102.78760573562207,356.13313758431474,2.1366666666666667,0.7957302725589034,1.22,3.48,1.2000000000000002,0.7009707554527508,0.48,2.16,198.58109662612208,44.198303912971774,156.9128080188145,255.49910160535205,65.44342265074773,151.25569257193942,-109.43888180776308,282.37042849028387,2.3131868017261024,-1.1990279867164408,4.433108079020701,134
275.3355547043841,135.29144379538957,115.9120132033853,575.7440421926609,1.652,1.1198418255654297,0.46,4.9,0.8386666666666667,0.7635056989839385,0.2,3.2,547.6795306706439,451.42648884663987,87.31628327634532,1519.5999764923602,19.571086951551283,99.7363051914638,-149.13208812312996,204.03229751066354,2.3417204389483355,1.169921507025864,3.185140556745875,135
331.5322970984338,191.57132002948458,118.36962721889745,824.9861830555367,1.3773333333333333,0.6418663263892108,0.44,2.6,0.6413333333333332,0.40570690804827964,0.2,1.28,699.2227454365639,438.0796010380264,95.10877650264207,1503.1610986190503,-13.91143348910068,160.4409196477807,-289.793597374599,265.88585381705985,2.4829413952309727,-0.3615458776873981,0.5742050630317728,136
390.6919472613331,224.53367733491507,107.30853993698098,866.8319966754896,0.853125,0.282961726580959,0.38,1.42,0.444375,0.2367377411071503,0.2,1.14,1064.3571557014843,735.8113802927639,206.3625768018865,2715.0637724725634,7.023665361901145,98.04933910929333,-127.20914411812726,297.7187652046052,2.505241771465962,0.7947475567618656,1.210462839723487,137
248.6460491206744,111.61970308215602,118.35612777631765,457.0856019397733,3.5225,2.992207737249729,0.72,9.4,1.6700000000000002,1.6165925363465679,0.28,4.66,328.2995477958581,299.60587116293436,52.05548122862177,932.5993013456834,-44.30925143118633,253.4824976802477,-335.8430179870897,485.7896636501952,1.9392902163888839,1.7519131486046242,10.427746928892928,138
193.84571263087537,88.78233656246063,101.50339007891407,311.9702514091267,4.5200000000000005,2.4608399649984016,1.54,6.78,1.895,2.169508392854627,0.66,5.14,168.41398467304595,104.83774933350321,60.69460144146434,272.1292423085156,-86.04958616542707,408.1202249351981,-637.3649943531635,340.1012803521926,1.8040827166247195,-1.7726561688702829,10.424165609604216,139
292.34744893183574,174.92211634045185,190.36420724902212,494.3268527125294,5.56,3.2511536414017717,3.16,9.26,3.1133333333333333,1.0131798129322027,1.96,3.86,93.27793298553665,36.86019492702369,54.6452519414647,128.0639514799299,-62.18540717544175,173.10697173604783,-220.31051783770596,122.77030514498728,2.244879566570842,1.6464013463945024,4.611630760348854,140
213.13073636132205,91.61553440047149,108.59680137383779,342.9597087370495,3.0228571428571436,4.022891639462483,0.52,11.72,0.9914285714285714,1.3206996702686113,0.2,3.32,552.8041507116743,356.4279232660215,103.30111708947274,988.6450936958961,-17.515147637073056,88.02758525341547,-182.71270906285875,73.55697214466178,2.312426228895891,-0.6509720611094308,2.8524220878045696,141
263.31208944931603,129.18685796562568,114.426382752096,511.4831072272798,1.7714285714285711,1.1650213411241552,0.42,4.08,0.7128571428571429,0.6870497526652365,0.22,2.4,538.8857297223948,274.5517020799427,179.55610428598382,1112.7660074873268,2.8692160668169566,314.7911251387498,-836.5636732688191,472.2596247106536,2.07352063084559,1.1554199347244345,6.915506658718305,142
509.178036084864,503.3058633549169,112.72485250635305,1430.4162972978875,2.851111111111111,2.734284387387514,0.64,9.14,1.3977777777777778,1.3500534968824178,0.22,3.78,685.2230468743593,1036.3569068714285,145.78582648534524,3405.753088804494,63.63869377209075,530.5547525079367,-943.9193227480388,639.9679622261373,2.145642445696721,-1.2677432980935321,6.339160065879758,143
253.9126357721139,160.96411087418957,106.03022921121351,676.0723424273136,1.5799999999999998,1.1922367933546472,0.44,4.92,0.876,1.0138244423962168,0.22,4.04,450.0194553172296,270.1045946236851,119.11896640157595,1024.3520339807783,2.195961867078457,160.28428232265102,-408.5990036605918,321.6877836310984,2.013234698385213,-0.8142266730993657,6.375386975620392,144
146.99787685731675,47.28098813969354,109.69062026953947,200.17132980148648,6.773333333333333,4.734948081376746,3.96,12.24,3.0799999999999996,2.5316397848035175,0.24,5.1,176.63901309902118,242.85435030619502,33.623507820749836,457.0442511230811,-140.17115249848436,160.27783024686138,-324.08949196118385,-30.336967365626684,1.799622401057357,-1.9437274803301245,11.127478120637077,145
158.13752349120622,39.09320523154515,113.32086749270135,209.03106784997703,4.723333333333334,6.298690869273286,0.76,16.58,1.1966666666666665,1.21539568316934,0.22,3.3,283.2964940023558,230.21447365745593,55.54944484936341,657.5684461835772,-16.590779309306534,51.297586421859144,-96.017168450604,47.77336252231254,2.076495688839387,-1.080215650090538,4.837585243018198,146
292.1478647720942,168.53692391969352,123.21152084407339,669.8749405542193,1.340952380952381,0.8190598559440254,0.46,3.66,0.6314285714285713,0.484626513041597,0.22,1.68,606.8731101775232,408.10772544659324,135.6139815622676,1970.2204133947625,33.05082025271084,204.79188913515466,-309.80911507458904,431.3971970054585,2.5261524166550164,0.28436629651347894,0.8273490244111201,148
311.390044234707,169.5327015385878,122.97081848326788,797.5296967215249,1.7493333333333334,1.8551067226391458,0.46,7.3,0.9173333333333331,1.0586208458357957,0.18,4.48,475.2659179774099,204.25027438526388,89.86205765344556,820.6224398808253,-43.44459911197018,254.24352824143256,-441.3395934768301,237.24458442814668,2.2400447568324022,1.30911705266247,5.106112868116899,150
482.97184592399395,313.1908754815631,120.39347838962546,1658.7992490282184,1.0314285714285714,0.8840383529710744,0.4,5.0,0.6214285714285716,0.8558803753628288,0.2,4.8,1055.899094589739,592.9343524905094,150.64038228403228,2764.665415047031,-42.15225398305261,313.04880613641075,-1023.2950670542041,360.09215644772183,2.55982531601267,-0.2894419659202671,0.8343821405692879,151
174.28930620850986,62.586416170632184,102.21136973125951,291.93371059634984,1.955384615384615,1.8242652191344302,0.54,6.82,1.063076923076923,1.385805329134078,0.24,5.34,306.7091188044359,180.67118114630244,43.48504225278373,622.622956672654,-14.294315524354555,113.93547419620731,-301.94165740167597,92.57031545087672,2.2895291214726896,-1.0500964919794034,3.812473075203834,152
289.324260299909,92.41646581935213,179.40166846009703,408.67947443343786,3.06,4.601369361396671,0.46,11.16,1.184,1.3071648710090091,0.24,2.94,880.8485515859371,764.0054658221848,61.02097566669967,1702.831143472658,-10.544332282715642,174.73535043484566,-307.680498665704,148.9160354631505,2.100202907262102,-1.1724054281267735,4.3160330848489545,153
308.748647305077,37.21324180535846,282.4349116745733,335.0623829355807,9.82,8.145870119269027,4.06,15.58,4.970000000000001,4.143645737753169,2.04,7.9,90.43072299012513,67.9073718459982,42.412959865263375,138.4484861149869,-401.8766512214978,290.7453205749826,-607.4646389983246,-196.288663444671,1.851096723803505,-1.7444793421338096,9.99483409840213,154
177.5978004327988,84.04349370976156,104.92415610748338,352.30199408084275,2.955,2.1075578283881087,0.9,7.7,1.9075,1.3477997943738849,0.58,4.94,114.81630662537829,53.07194298168675,43.94409962940382,195.95379943022115,-27.19309373836487,87.28533157021177,-197.85725688356712,52.797627420928805,2.468210137265978,-0.26195266704137304,0.6282299839818122,155
185.75699410760294,68.40888599640431,110.49578077277158,321.9273479557802,3.2425000000000006,2.981168275309914,0.74,9.98,1.8425,1.8716360299404977,0.26,5.68,195.08536806303817,143.69278512206884,56.67734999221482,424.9837722029676,5.603272676928259,144.9426959155036,-205.807471614527,268.0375615073404,1.964248749973292,1.5813248099333406,9.131224823025239,156
267.70919117953974,160.55148208511355,119.65685741362641,591.5323380687925,3.5571428571428574,3.7049593532890226,0.8,10.8,1.5457142857142858,1.8137149458395894,0.28,5.26,358.1993042407573,286.1727067268719,63.94635993141566,777.5375894969383,-6.995236901139153,123.02848390933381,-146.85072944518916,186.7664783317298,1.8333117349898878,1.703307630853813,9.80592236370121,157
195.41213261346877,45.74374845591905,126.26986895534965,264.23051043618335,2.2550000000000003,2.73866755923387,0.48,9.8,0.9266666666666666,0.7650232715810716,0.24,2.24,349.3287580490283,205.05580350502822,56.37047721220966,703.4637443350981,-2.1854841635877222,28.75896754773324,-51.69610320799555,41.116740691909094,2.610352026853885,-0.18387378223585615,0.2322059264887848,158
335.5189864991909,153.4644766696243,119.70037109314191,681.6861357871949,1.414736842105263,0.6833851071528867,0.5,3.06,0.6694736842105263,0.39952018005227957,0.22,1.38,630.7457825138732,374.8841162697755,153.4620142219768,1538.600276857613,16.263355889627814,164.7789954372655,-276.1581890238387,402.00633246189784,2.4060706465609702,-0.5406793889925308,2.0634620900047693,159
397.5342560812319,177.3575262038343,114.47500702962269,890.5221499501943,0.5883333333333334,0.12587283913221975,0.46,1.08,0.30375,0.11273438939911587,0.22,0.82,1399.067315707113,663.9321121272125,279.6889151084532,3425.0851921161316,19.41606651597584,117.18011301188287,-148.51839447366538,404.1454790304511,2.115889763499313,-1.289994260673905,6.868466000744048,160
223.31882649185727,118.89739277823162,101.78491575375308,490.85420465543086,1.4652631578947368,1.1409322134945064,0.44,4.1,0.6978947368421053,0.4636039850678165,0.2,2.06,398.9607044491726,253.26304769507982,103.9833102296123,1056.1119766161944,2.741484477817438,82.12774259511046,-208.4845636510881,158.73387820815447,2.463623618822022,-0.15251843153523648,1.1756658136444162,161
790.1646929749027,629.7626408379671,114.42241314866942,2960.497617540944,0.8787499999999999,0.4242013368596902,0.4,2.16,0.46625,0.35474434229046803,0.14,1.96,1885.8214033115116,1184.1586149653015,317.42057425719526,4955.075444946613,-16.832912584298377,544.6029687545583,-940.3022459901671,1675.1483821643174,2.478765614597787,0.25355055982880287,0.7140187332082704,162
216.33482424626584,105.2721992145499,104.69620449579116,531.7107046844295,1.68625,0.996707078333449,0.42,3.52,0.79875,0.4783565615730593,0.22,1.7,360.3459274163505,224.8019041175196,93.47875401409925,882.0090244229078,-38.45371352079887,297.2875879600221,-575.997211864645,444.67538212235536,2.011448981372307,1.7381251099944366,8.371833092033992,163
1121.043562839559,892.8870297715797,124.57565541936228,3426.9272080505893,1.584705882352941,1.5027729271544106,0.38,6.94,1.0023529411764704,1.2564808465102277,0.22,5.76,1613.475578385917,1203.07719241285,98.86956779314467,3807.6968978339883,130.62498524619545,1899.4728772160909,-2446.544616231042,5118.386808779843,1.938158474761575,-1.3641737207893097,7.9949140080180126,164
551.498037329752,248.52606062618702,260.92551463221787,898.3246756003083,2.6075,1.0902129542957586,1.3,3.94,1.28,0.6779801935581473,0.28,2.54,515.1684638003778,261.0617025234598,191.3688301107955,931.8768379722065,-199.68968038786352,632.9581489829629,-1352.566642420377,449.2458224451352,1.9978077166429213,-1.2511092827061117,7.535821746906247,165
182.13792608681703,72.38343149518194,102.5879944884387,269.0191020470212,3.5066666666666664,2.8412016237266,0.8,7.66,1.6066666666666667,1.0588043571248973,0.26,3.12,164.3001005361379,117.54836725203789,84.98724460271688,394.569209570918,17.34155493922647,74.27965505703342,-82.31659505163958,131.42336750042668,2.7642818254742636,-0.04681188754867486,-0.5061940698497134,166
251.9713890960519,161.04564793571967,107.73989713617755,633.3856638542911,1.717333333333333,1.161350609460915,0.76,4.74,0.8386666666666668,0.7718795859705678,0.32,3.34,374.2232067697435,220.08050115189297,128.04879981662347,997.6503004396079,-22.65256314533738,222.37079904447577,-517.789118189491,461.3122135700162,2.2256641787404505,1.2456932565252632,5.252168258993015,167
102.22262598882062,,102.22262598882062,102.22262598882062,0.86,,0.86,0.86,0.6,,0.6,0.6,170.37104331470104,,170.37104331470104,170.37104331470104,-65.86476238661012,,-65.86476238661012,-65.86476238661012,2.053358202948945,0.8608682376655848,6.1229945797493475,168
253.27200832459613,123.63071888655624,105.96046184470336,507.4630057830631,2.3709090909090906,2.272678835847487,0.5,6.66,0.8890909090909092,0.9389510588465678,0.2,3.42,478.0065579734289,348.99856904932517,106.85789958310494,1106.79453990253,30.07909266456666,179.60617771640574,-171.86366460657024,450.895523036667,1.719009694148307,2.215183312562867,13.247804889319656,169
302.09308030840737,143.22667789122977,104.60701284981431,576.0760462216523,1.5177777777777777,1.0537973661425089,0.44,4.86,0.7344444444444443,0.48287402110844385,0.18,1.86,566.3277269961923,442.0893597212531,108.11937654171518,2092.3349129982066,-58.77625392197899,428.37429333901747,-936.4109903646099,1028.6119096806817,2.0599590150355365,1.3909948610096323,7.642060949303394,170
331.9006484646746,127.18051780823397,101.57490401204029,510.67521372476347,1.732,1.1791473917320818,0.64,5.46,0.7279999999999999,0.4784379344730695,0.26,1.86,616.9373257572871,438.72556969052334,211.97651467616652,1526.7592982357928,-5.351926461277194,167.33079284645862,-290.7523771520897,242.02460162425604,2.5641874497225885,0.759059677202267,1.263672756128309,171
262.77856978016496,,262.77856978016496,262.77856978016496,10.32,,10.32,10.32,4.04,,4.04,4.04,65.0442004406349,,65.0442004406349,65.0442004406349,-82.82735509965177,,-82.82735509965177,-82.82735509965177,1.8558366272674345,-1.5687936286502573,9.154604337879572,172
230.00543274130166,100.39592051477331,101.82408742585905,496.5533091834278,0.9637037037037038,0.5065429448583357,0.42,2.7,0.4881481481481482,0.38762627755885054,0.2,2.1,573.6569778369435,252.31486106071267,227.8896097613892,1033.0326440789509,2.859966505865156,123.39091801353146,-281.82176554794665,286.59689133830483,2.403037816376096,0.8304559289521857,2.681811220852005,173
285.3029844140716,163.92062217466065,169.39360089805112,401.2123679300921,12.059999999999999,1.1030865786510147,11.28,12.84,4.26,3.790092347159895,1.58,6.94,82.51136010113908,34.93076345033352,57.81158039338503,107.21113980889311,-42.5090338229964,33.53095477222807,-66.2189993220983,-18.799068323894506,1.8783318299500187,1.7298298125435436,9.62600149477513,174
327.6818868362576,208.05834587486436,123.2468519617537,812.4200147736356,2.5127272727272727,2.847107623217257,0.56,9.48,1.4945454545454546,1.8573764488458642,0.22,5.44,490.62839511830333,401.8558642439858,34.28106154693403,1456.4055171957777,82.77502514183185,537.8696453563435,-775.0110740698511,1119.3015510118305,1.8723906875431275,-1.265506139826738,7.897157478747587,175
276.6215830529985,164.32678204323318,118.93595659096458,683.7414709970551,1.3579999999999999,0.6736827302615317,0.5,2.58,0.6089999999999999,0.5066910197286746,0.2,1.88,577.3131117643862,245.51754525704294,113.26597679534116,995.3087206641474,-1.4327371516341825,146.57898652387655,-408.7172913935383,218.23247826724298,2.6864956586274005,-0.3928882619445815,-0.33274703259683536,176
442.6822038694479,321.6071186243691,211.70581237569996,1080.1971283810988,4.486666666666666,4.0197446021689816,1.1,11.34,2.3566666666666665,1.896962484253884,0.58,5.16,267.79469455894076,160.73434239022677,79.88382629953897,417.9510017374386,-136.29675332287331,196.90678175764845,-435.8992592166671,152.45329773248517,1.8400262798397282,1.764318003067351,9.999135392231368,177
502.0988844084913,348.27765345309217,160.53896287965273,1157.652748021743,2.0900000000000003,1.4736349615830917,0.42,4.66,1.2383333333333335,1.2522404164560654,0.22,3.78,701.4050633613911,634.9938340941914,118.6736610175804,2523.577309983606,-5.589397358419561,335.5309589522574,-426.88993134052606,635.3961657821815,2.3845993773525205,-0.8857518812844825,3.0569563860761697,178
474.8323767271648,319.72253137682696,227.82488949302697,1084.3634586915402,4.733333333333333,5.45063176766388,0.84,12.48,1.86,2.0412153242615045,0.22,5.7,500.979897718338,378.45084576875644,72.69200580855647,1139.2957830672055,-96.64101688090791,215.23649442619427,-383.507805082404,223.81512660192791,2.1049632797050983,1.65477052604018,8.34889179013739,179
346.94499463435363,238.58976153913287,152.88912196828693,1030.0086340047044,2.2945454545454544,1.9419802451949075,0.52,6.36,0.8654545454545456,0.7277961752628773,0.26,2.54,738.9931744655324,933.0053738667536,110.56944037205717,3433.3621133490146,26.080638772064518,353.28159099132847,-756.090912715408,482.1945935945399,2.174725021580458,-1.1961601834946944,4.17058898341356,180
166.86085141449055,48.76361940213024,103.16930991554061,382.526360952048,0.7731428571428571,0.20812568923851857,0.44,1.54,0.4674285714285714,0.17503517053543768,0.22,1.18,385.0142799753099,135.49289540775098,202.23334844794613,796.9299186501,-10.930282509633445,72.86823264810424,-178.22639155266683,126.12928909695255,2.2223028553881066,1.1649195402966837,5.2165084285387895,181
194.5916520952672,21.66459328709388,179.27247127031455,209.91083292021983,9.06,3.7052395334175086,6.44,11.68,2.9,0.6505382386916236,2.44,3.36,67.97289323487469,7.777369985067342,62.47346217863686,73.47232429111253,-141.2511181941844,39.63925581003141,-169.28030477864584,-113.22193160972292,2.2206179207850867,-0.9901279616694596,5.001762077721747,182
344.4591373249684,288.1578870626764,128.91140842433225,1088.9445947114157,2.668,1.6485737943918541,0.62,6.42,1.3199999999999998,0.8363412381717565,0.24,2.62,390.87643961698916,320.4199165563842,99.36643824848275,970.9168640978135,-9.10126673750332,249.26275716646998,-266.8040850090638,613.5395809384241,2.2058969029405144,1.7115912772956192,6.514109652050113,183
830.199928481984,622.8846317083147,143.8050322714218,2258.7696277866826,1.3912499999999999,0.8632332631836349,0.44,3.56,0.63,0.5284442575459907,0.18,2.3,1563.4583874782616,1209.0580313260646,497.00116576438813,5091.306570297998,-691.9015165620701,3641.5851314573215,-8066.649737219302,9599.187652748327,1.8341359172832874,-1.6649099576349526,9.026298755191249,184
699.8957686790525,430.7004602328944,164.82508123828876,1959.9238562790038,1.0492307692307694,0.5212363999332592,0.32,2.32,0.5015384615384615,0.34208411021492724,0.14,1.76,1560.5141407365843,868.7441429996402,445.70210347778976,4816.15097639396,101.78460974932257,1044.4687452246071,-2856.43825634127,2659.57961785655,1.9221166766880082,-1.744377524141184,9.742409394880637,185
308.4618646183018,308.7992934591231,115.662599336966,1110.7524735113675,2.8755555555555556,1.6632732120063072,1.16,5.9,1.6844444444444444,1.5840068742836242,0.3,4.88,247.9157643781393,157.63343730425774,58.462780658978204,529.0260244125934,-10.976019762089777,503.3272319417735,-880.330064766026,874.1282384467112,2.0081852713064428,1.3695078429411103,7.523734274730714,186
245.44244690725017,119.99304520055603,119.71112280292996,489.86511541517825,1.8571428571428572,1.379361215431753,0.5,5.0,0.9714285714285714,0.7059184649241577,0.26,2.5,370.8707578346895,264.84584347459986,85.50794485923569,1041.8008977016416,0.749284874081882,174.8681527802506,-246.30734652075805,354.7132898206114,2.1473146748907537,-0.8864057330260414,5.435869672777335,187
667.4801947118083,705.8348855209501,121.155952996396,2600.0561816618138,1.365,0.7643607580331768,0.62,3.18,0.684,0.6178604850185585,0.18,2.9,975.0920838787048,586.81667497668,257.9980141101291,2247.011639912986,70.14943799283489,1054.7146933480512,-851.5176292524717,3095.198476953805,2.1861243641206625,-1.4050441457495801,6.505037216260721,188
282.08641582132327,248.2198393985497,121.62798098724247,652.1690680916478,5.74,3.3103876912933723,3.62,10.68,2.04,1.9498376000751105,0.26,4.72,262.8933328142511,303.268419287047,77.93017169978953,716.22862821099,-69.5138779830821,274.03849177707275,-462.35416640325707,134.83449679040052,1.7911310215311513,1.8647762492146351,10.42682751834486,190
1252.869067076664,964.9647837084459,109.47524316804885,3605.4962080356113,0.89375,0.4976185221114535,0.38,2.68,0.451875,0.37291733495464835,0.14,1.9,3218.5925466202007,2441.9656428562366,675.0503959055897,8633.65678868687,-88.18037421777356,688.5727184358805,-1094.3519922891758,2095.5664414721323,2.340281238497423,0.40866173216049057,2.392001028554499,191
470.7442974093284,361.71957242364044,159.49956360593717,1475.6332212432721,1.6975000000000002,2.0240141633233035,0.44,7.62,1.03,1.5577248366340786,0.18,6.4,1034.5331459263439,933.0556492629361,57.718505450995416,3571.415966305569,55.061274288521886,261.4356903001892,-196.8876581301254,693.8570465360215,1.9103904248320804,-0.454521416125681,6.908177300800173,192
566.0051442374464,396.1251758377974,124.46773077280956,890.2083196721499,8.74,6.05537777516812,1.78,12.8,3.8466666666666662,3.5818617133179966,0.2,7.36,304.99472777942987,275.9964496909084,120.95221734675948,622.3386538640477,-229.70828218011255,188.0459364303636,-446.0865165975984,-105.81505847813,1.9570400241776702,1.6432206252733426,8.743806530593456,193
599.9748713700469,578.0945945982478,104.27334305539455,1733.3684171669277,2.243333333333333,2.1183155114525802,0.54,6.6,1.2,1.4150104400514314,0.24,4.88,1166.5462022061258,1297.1517182068303,59.084683526025344,4064.734295652056,-64.62565444115056,758.2063118830692,-960.9173077316278,1766.214933294666,1.746232845230836,1.1764807631497474,9.498676073318261,194
188.72698592822258,54.88181704735015,126.27157359260202,240.91047639501693,6.365,6.715501966842588,0.5,13.46,4.12,4.510107167980232,0.22,9.48,230.22828124607335,258.54900454242477,25.41249751002288,573.961698148191,2.9011123718479013,43.37035684573895,-27.68328777772304,67.11995474288784,2.0386774842529625,1.6439648988502915,8.846989970100221,195
229.70025120272763,106.6091857827403,103.022128338136,449.56405034895874,1.4442105263157898,1.1863403848693383,0.42,4.5,0.8021052631578948,1.0224566219941311,0.18,3.96,503.4280167439899,321.2571345481616,104.11994097292657,1363.34625775156,-0.5535767506422524,78.2375731607309,-165.8352310142303,152.07593085561524,2.7410061630126052,-0.1393501515815975,-0.4678600107694382,196
1214.0799599255924,1021.0182964654994,163.2229785890877,4806.994614300747,1.0923076923076922,0.5325584113864521,0.52,2.66,0.48615384615384616,0.19780954320915708,0.2,0.94,2742.1668698262997,2240.7237858969843,514.6818763208513,9248.234590358992,153.70733306818516,1169.1915396080835,-1678.378025620287,2366.98555061261,2.225541347328823,-0.9658343594658596,4.695480217549707,197
957.8231321744533,2439.474253874127,103.8438680014848,11054.71764817623,0.9503703703703702,0.4447080414892924,0.36,2.5,0.49259259259259264,0.3166725145658863,0.16,1.24,2560.3176260458486,7209.675298601978,128.30098389386146,36849.058827254106,-12.544367868540244,575.6366822828725,-1661.739163281281,1244.685536298017,1.272537046114991,-5.691196138007856,41.30514555779826,198
371.68669364924466,266.137656599231,129.40692461576938,1157.6971697215013,1.1956521739130432,0.5634296446113547,0.5,2.68,0.6365217391304349,0.48391029123224316,0.22,2.16,768.2580722267675,499.4593588722671,75.59780470107606,1806.281494758653,15.800574213346382,329.81813511059505,-665.3341517586192,549.7148646793394,2.5387014704745887,-0.9153871616799508,0.24393340212985537,199
419.02504263243327,252.39184035215825,134.33092196413244,1130.9408229679268,0.87,0.24615756821007306,0.72,1.74,0.546875,0.18793337014192885,0.38,1.32,753.3190558335183,336.3065826324288,258.32869608487005,1542.4547143437333,40.99396089200397,268.23106577258056,-342.0929698864652,1263.8008822638444,2.1642854391338444,-0.8466225860618528,4.732060775051595,200
1491.386182706403,1861.095685819916,110.30188018398553,7065.904408811703,1.114782608695652,0.6104906340225451,0.42,2.24,0.6660869565217391,0.4217036780665562,0.16,1.62,3333.3526864115715,5764.197421458185,183.56539943323614,27176.555418506552,19.403547609923553,1824.6109424815977,-5215.286481187383,3346.817790003682,1.693288878588974,-2.18146092360016,8.4613437177223,201
470.6725905974141,144.6831220749665,246.21506204639596,819.0836741925104,0.7583783783783784,0.051935510946724085,0.64,0.86,0.46702702702702703,0.052750190355889556,0.34,0.58,996.9488420172135,244.77534715990134,601.2311920655558,1575.1609119086738,-4.963945339477002,130.47481796371406,-313.3050164129507,226.13070660110685,2.566567334352002,0.2522490516409242,0.46912314274501554,202
367.13426169594936,398.8948668466346,148.1028523197656,1386.2075503972787,1.9646153846153849,1.9093132071708199,0.4,6.86,1.073846153846154,1.0850310169263861,0.2,3.2,536.9732968181122,350.13616376362614,72.31788526318707,1254.4517171237585,5.023561910454384,614.0382841258355,-528.4368178758266,1881.0094536803115,1.7788691614174803,-1.264639709879695,8.425729928687785,203
271.98002102339973,208.12681331199533,100.06652094181786,721.7737795191334,1.821333333333333,1.4760268419291156,0.48,5.5,1.122666666666667,1.259951624165823,0.2,4.42,382.3103095661781,229.12873674273627,117.53644565887456,813.4343217273154,-3.0660567976240207,160.56567885120992,-258.4728125807563,362.5686864093597,2.5444683941775077,-0.46652315993844584,0.9610523636280073,204
252.2200304533531,84.56933526026177,127.72921211558238,331.73874612891177,3.7119999999999997,2.2347975299789464,0.5,5.78,1.832,1.8183838978609552,0.22,4.86,344.31338549222556,402.356563955475,50.180883628700336,1033.7176536273844,-56.18647299807738,241.14339123793732,-314.77104516472417,334.2249969526176,1.9159614850263431,1.7577829352875745,9.560542232166034,205
297.3800397782483,163.8140043332195,102.96270894113569,582.851204049422,1.3023529411764707,0.9305074516880876,0.34,4.02,0.7858823529411765,0.7022024176077135,0.14,2.28,555.8982889147956,310.58043536871565,162.1106551208877,1125.2648368463676,-23.265922889200525,160.69793460641137,-277.5617667068502,266.45301925492544,2.120125946453031,-0.7803401858423927,4.0767798709713725,206
332.0062460708617,387.57792657618114,101.12138399252123,1706.2953281526218,1.2952380952380953,0.6044139231323105,0.48,2.76,0.7428571428571429,0.4204419443531158,0.24,1.34,611.5591173437176,736.8929966017525,117.93432795187084,3090.368239665034,27.103521138973985,198.80424493875051,-306.79616257338085,559.0800573107919,1.8117524241137666,0.9192420590016291,8.96528364639153,207
220.11666511901976,87.92247308173576,100.70539252676637,403.449260844907,1.9127272727272726,1.0999008219752444,0.52,3.96,0.7818181818181817,0.505842231962065,0.22,1.74,471.0693796987546,454.96799068123215,130.44103608711902,1551.7279263265652,-18.224367472657704,170.9110362142535,-373.0208983823778,179.94806038951964,2.130397597143281,-1.3967265708435548,7.057223749968459,208
249.79465671699134,130.75959326012466,102.53976956197081,511.8681296617265,2.52,0.9728309205612247,0.62,4.3,1.6177777777777778,1.100520079073728,0.28,3.52,221.03455383091335,136.76514706635018,66.38647440357954,420.68139099791983,11.81350970803928,210.48872009069711,-215.0840394708418,423.7459135216117,2.6610661716591943,-0.0969825607401945,0.12300657847031893,209
783.2218911752796,651.2141661001211,155.9371791810857,2945.118451409392,1.066153846153846,0.6556772189001349,0.36,2.98,0.5046153846153846,0.48041008123669315,0.16,2.66,1930.3466169239814,1777.3741018556734,569.9453448452743,8276.991191943322,76.30815663649068,900.3023534011583,-2349.4790380227982,2741.035570438065,2.506679328743124,-0.3543828232904346,0.9702158503152543,210
194.8976539455595,73.15865575704942,106.55249610331815,327.6231223193533,1.2999999999999998,0.5587128063683523,0.64,2.56,0.585,0.35818058759979343,0.26,1.64,435.6730327241599,281.0799470271647,121.62817215840784,1005.385885282596,-15.192982364582836,95.92968282089208,-229.07410412742496,121.57472399147092,2.28426493501921,-1.212325465351562,4.509971738887766,211
475.0157854062939,427.93352928502225,116.7191830244872,2146.313160413226,1.0158333333333334,0.7385762841685561,0.42,3.98,0.5883333333333333,0.7119579046341254,0.16,3.74,1086.4258336862238,705.2788047508906,77.4382371078171,3365.497205671444,47.96550946553444,356.2239518558016,-424.4226497665825,1134.7004360950002,2.107749840211731,-0.9101307144743555,5.410464807958309,212
236.62003068416809,119.60311950951085,100.90708022834218,443.47608037282566,1.7046153846153846,1.037566185717128,0.44,3.36,0.7507692307692306,0.7860710478752493,0.2,3.0,468.0035112596475,236.4834439264592,137.24245503926213,827.760615068044,-142.6373435343876,516.22222165151,-1499.7352274980303,333.61330604242556,1.7795906256065543,-1.770852986834775,10.286545190618655,213
333.3421405446372,177.20707556149762,172.81308619094975,523.493721828375,1.8666666666666665,1.2734729417358397,0.5,3.02,1.5999999999999999,1.2795311641378648,0.24,2.78,374.4679273006704,313.2324662244729,109.25165957359235,720.0545257956239,49.61424923014581,439.87500053296765,-427.4069728139341,439.2145070965601,1.8601470942810832,-1.7251761196765896,9.839590702331611,214
308.3945647586183,198.29089105836042,106.33117405651295,991.4994967931461,0.9427586206896552,0.3901546996451183,0.36,2.06,0.469655172413793,0.2916759792085914,0.16,1.48,739.8549548487387,472.6034684692788,232.9562980861781,2571.0309499990817,-28.458683678034003,255.345896595852,-576.8072947753765,356.49399616692256,2.088534512424734,1.5757873192548837,8.19094736025353,215
227.68082159344814,102.22081029686086,115.28161970270514,537.6610226435021,1.1217391304347826,0.5359753401205986,0.38,2.1,0.5895652173913042,0.2461241050746843,0.2,1.28,507.557957078899,404.3041104381839,161.3271008296364,1566.6080492540532,-14.068268738536997,192.79132845452932,-515.8251668099826,271.632275985251,2.3019260949740143,0.9680609835157314,3.218126221882036,216
148.08962600824538,22.002215295388684,122.48988118450491,166.7489036765079,3.785,3.428289174889812,1.82,8.9,1.64,1.4937201879870272,0.64,3.82,142.55543766468153,87.84082542204952,43.651545465054426,237.33136144009615,10.383739135037853,117.74707814905132,-100.60682057561594,170.08230926479396,2.0053369121518956,-1.583057407447034,8.486618572169448,217
309.2638897197126,131.21375910030076,195.24957510856422,493.3230823252052,5.245,1.1455857308236113,4.18,6.82,2.81,1.6232888426483645,1.6,5.12,120.14447219634795,39.56077919572603,87.02015935150153,175.17458047439595,-18.35959458856518,144.10588270069726,-134.68510924521087,181.2128415525145,2.3998287473964575,0.7053538276911689,2.4454501652798646,218
203.87325468528667,125.21192593383331,100.21009230308567,479.81360656993354,1.654,1.3062261162090838,0.76,4.42,1.166,1.3477899605568284,0.44,4.06,251.07845894585026,108.06064566925997,88.18246297661291,425.10927034228985,30.96195148409811,206.06673722819386,-265.02215930945084,348.0660531214353,2.222972580184232,-0.5765197436418932,3.471771100500767,219
165.54604801280877,84.65978280921574,101.50789854431628,289.0893146118045,3.012,1.2463225906642308,0.88,4.1,1.8439999999999999,1.1585680817284756,0.56,2.94,117.11559828316258,58.127052039256085,39.71265180954067,181.41314233738373,-9.444433136168858,241.78937309088982,-343.6724500825684,311.3196701807081,1.7772752616853222,1.3716969801852432,9.928297280046394,220
418.89687592945387,84.21523923981756,199.94276769326135,553.2901050859599,0.8563636363636364,0.07785475988251224,0.72,1.12,0.533939393939394,0.07219502207300176,0.26,0.64,789.0413729874747,141.17377490218723,399.8855353865227,1200.4235813708453,14.432257643273745,83.77010275513796,-115.51808020397642,241.28725232935085,2.2931800467034935,-0.4745604581806389,2.461179142575946,221
446.6010952650272,290.77678853414636,171.7722985440353,841.8205333551299,3.585,4.511182402282872,0.88,10.28,2.335,2.529683774703866,0.64,6.0,303.8492014985997,170.14371231816457,78.67856592621966,455.666899399433,8.874586361881448,334.41162129868866,-311.55786399110946,426.3155854463963,2.183859866479488,0.48996185199387554,3.02668263457437,222
243.69482790374974,73.81082985136364,106.54210433488622,398.9697113016363,1.6969230769230768,2.6206468177894067,0.52,9.16,1.2538461538461538,2.1705511529775814,0.24,7.28,617.6768662707145,393.183012189254,54.80353177220279,1172.0464040303727,6.95402067055429,86.57112991767255,-228.1770528869315,148.3484742325544,2.3549546913649424,0.09381646830323846,1.3239064973431383,223
319.44693142702386,155.46320611831095,102.52826176459513,551.8782301592239,1.2323076923076923,1.0212260102947652,0.74,4.62,0.8969230769230768,1.0205503794144986,0.46,4.28,447.6780575373657,204.01744629269837,128.94351171944484,718.7156842876125,9.995397711138931,291.2254320175254,-460.03527229590014,574.8109205182797,1.8848484864581123,-1.2107730371860106,6.746410109459974,224
633.1651790635508,342.8835936794337,244.71891045868486,1495.8250911959324,1.68125,2.3232215420259283,0.76,9.48,0.93125,1.0925192599370197,0.4,4.52,1049.7374127596408,639.4062099879543,132.02033975314188,2199.742781170489,48.007956627676734,438.69113708243117,-779.5984833319038,603.9903291364144,2.125933208571718,-1.6249305051410683,5.731340601330087,225
502.4463690445996,262.04471145235965,102.43736727607478,1012.7135204698584,1.3568421052631578,0.7162328348269232,0.44,2.96,0.7221052631578949,0.46709003352159495,0.22,2.12,823.7379068301323,461.0479432190969,207.20136008437515,2236.693705398193,-6.736484400830555,465.41815558617645,-1155.781815433914,952.2253223699573,2.745903297780912,-0.13184585405726532,-0.5093295071357691,226
401.7128394538812,275.82368254987387,138.95294494359928,841.8722738728517,2.6399999999999997,1.3326289806243896,1.3,5.06,1.4288888888888889,1.1602202855971409,0.4,3.5,377.0300294526416,304.3602793005299,146.94774661288417,1137.6652349633132,103.6421460401104,504.5077707775554,-445.74620346366686,1300.6169648769335,2.0613508257959205,-1.3412827887345375,7.344886666895713,227
478.01235895540873,170.2670648325165,117.68343288393737,982.545918863417,0.6852380952380952,0.10793489671089099,0.38,1.02,0.379047619047619,0.10900457640447775,0.14,0.56,1292.113903643099,379.5488068046895,762.6883026781435,2295.5938023015283,-9.962505481742799,123.32621655019273,-347.8994296835466,198.79451509458337,2.452958932595818,-0.10864738628324737,1.3441780597662278,228
170.29109337003823,78.68071525966843,106.00861719848163,258.0333871716297,4.346666666666667,5.484827557301445,1.18,10.68,1.5533333333333335,1.9803366717135076,0.4,3.84,227.27200438119527,144.93620868120058,67.19619457594524,349.59827557143643,-67.687648547042,76.55116428116987,-155.77697710931966,-17.29606391915395,1.9134108329649193,-1.854053659727241,10.318967424270722,229
275.6549308484186,230.19176554426846,105.36172653784539,994.7215135557936,1.1857142857142857,0.6739181807057251,0.48,3.12,0.701904761904762,0.6304571281825517,0.18,2.78,645.9003796564697,820.3720135620744,119.14807302709183,3552.576834127834,0.3649020672967741,252.82235134458656,-528.8906279663049,838.4043749349814,1.9898448669527737,-1.9625544817643577,9.892992876040605,230
518.2441044140286,301.72670002475894,132.54504937033107,1313.1603383538195,0.796875,0.07985622160503375,0.5,0.94,0.503125,0.0758792546769048,0.26,0.62,999.8608225316696,475.435563299043,414.2032792822846,2344.9291756318203,-35.89135941898088,549.6102061219439,-1096.198556060428,1792.9597349065516,1.8432321393068927,-1.503760713341947,8.70568211213397,231
405.13433815911515,302.7025270344514,106.95738864540486,1281.0213450205424,1.323157894736842,0.6954219552950803,0.44,3.02,0.6926315789473684,0.6284092978418088,0.22,2.46,899.6842528453316,845.1501486861634,101.19772813037268,3050.0508214774823,-52.187204899992146,410.4449115137877,-1145.2706084654683,938.298709826233,2.230873468087401,0.7050687495443605,3.625050395334619,232
744.5924277065105,592.8442355690943,199.25600503751684,2971.7247331611147,0.8806451612903226,0.08786108292340312,0.58,1.06,0.5025806451612903,0.12052573008658037,0.18,0.64,1488.9612526809285,1232.8015242864578,635.8182225065934,6460.271159045901,18.552491846123903,320.1115382451136,-934.5665602940351,586.7882499184651,2.2336134674223915,-1.665823743905767,6.445872004729678,233
247.60868685819622,128.05689523902095,131.9329242632777,452.22276993369456,1.7725,1.2313030264143523,0.72,4.28,0.87,0.6133747398031414,0.44,2.24,306.0942880705564,63.381019340683196,195.15838134233982,377.8237083255817,-53.66299467015408,367.9657009882606,-649.0008450859586,345.6440591191908,1.9702440949007118,1.7139702867568998,9.510267044654928,234
803.3400859318882,728.4776188398642,113.89282079029806,2896.8407504133215,1.5788235294117647,1.918052014261283,0.54,7.78,0.9129411764705884,1.349183849156048,0.22,4.78,1343.9218288666375,966.5487691640615,220.04079241161696,3400.0638495608823,-13.09182078660475,616.3530695794105,-1423.0876268514724,964.6816653168978,2.519432071280076,-0.4147328345961277,0.9890728428582807,235
505.401355744194,579.9716986215138,117.53003078128117,2005.5744307707741,2.5580000000000003,2.4748054917957134,0.44,8.6,1.4460000000000002,1.2321994788002288,0.2,3.04,566.7292424123067,502.08878782534555,80.36167636967194,1591.7257387069635,27.623991282502583,766.1886825649912,-1627.9924560215877,1192.1579814490763,1.7743900483617494,-1.5703373637368219,9.857991975603484,236
244.0287930002385,94.51410672312441,103.30030680624975,409.0278291361582,1.730769230769231,1.441356198969461,0.64,5.84,1.1107692307692305,1.255006384701299,0.36,4.72,355.8110261950763,206.10999596556,67.94267757600365,730.4068377431395,-21.474466629259076,206.29937997590784,-386.6845559103611,421.50614765295904,2.622017641490722,0.6918806161551692,1.1222137400928425,237
727.9124562761702,326.1781298870348,277.7657995452796,1310.44454235121,1.3066666666666666,2.7946924486162947,0.46,12.5,0.9122222222222222,2.4590590155240406,0.24,10.76,2184.555368752015,1153.1709893483267,39.806551748225566,4642.803622289253,96.71154233951577,432.6664968504356,-440.7467882900512,972.8836999797528,1.781891569064647,-1.3085820975715907,9.565668808348121,238
493.0629884666178,373.1939957587713,103.51641301329079,1706.0666085325115,1.2504347826086957,1.281403627635335,0.5,6.86,0.7860869565217392,0.9458893800902877,0.22,4.76,972.0396878319434,769.3800858762243,73.21011984559918,2584.9494068674417,-47.57607691420299,336.68085486931244,-894.9899462871821,458.3468555941067,1.9975469041553477,1.5568975393518116,8.685727698242054,239
493.0629884666178,373.1939957587713,103.51641301329079,1706.0666085325115,1.2504347826086957,1.281403627635335,0.5,6.86,0.7860869565217392,0.9458893800902877,0.22,4.76,972.0396878319434,769.3800858762243,73.21011984559918,2584.9494068674417,-47.57607691420299,336.68085486931244,-894.9899462871821,458.3468555941067,1.9975469041553477,1.5568975393518116,8.685727698242054,240
354.1386261841749,254.6892815754897,107.54034688942309,1178.0972119492349,1.0439999999999998,0.5874521257089806,0.42,3.04,0.5008,0.3859395462158981,0.18,1.9,974.1350744774668,921.4811687206288,206.8083594027367,4531.143122881673,13.391132772041438,204.33234662775197,-483.90806983826076,496.0381704549473,2.2313862941185247,0.7380411424291102,2.9801705098611526,241
459.9632275838983,702.1670324039577,109.25285223981894,3181.6030121203416,1.5133333333333332,1.2663425797989123,0.5,4.8,0.8844444444444445,1.3650866045451095,0.16,4.54,797.6203392090056,402.7673554823767,120.94436036566537,1418.7275430486486,73.82435231292341,623.4914793665641,-961.481230113862,1914.900522223338,1.8228439358878694,-1.544715226573054,8.935573792209011,242
559.751708503027,357.46635851505823,111.76341163021266,1368.0720123587685,1.27875,1.1140668741148352,0.42,5.08,0.5975,0.49076131333537965,0.22,2.12,1072.8703533917483,484.270575817882,307.12439353797436,1961.0195202726395,-212.20864541442,1495.3987141017024,-4264.36990381038,3350.173117030344,1.9170875119616435,-1.9151591173260125,10.797283794299458,243
354.6351881954981,242.17424376275355,107.11764101082784,860.9911239499559,1.1141666666666667,0.9490769734058854,0.44,4.98,0.5958333333333333,0.437819862368141,0.2,2.36,705.4695669550216,460.85822386373684,155.5461960112481,1614.9507880509032,38.56490553364461,386.034147886253,-455.5441157581347,1006.5084062235238,1.8185996547717922,-1.4252290554803657,8.868119532869853,244
354.6351881954981,242.17424376275355,107.11764101082784,860.9911239499559,1.1141666666666667,0.9490769734058854,0.44,4.98,0.5958333333333333,0.437819862368141,0.2,2.36,705.4695669550216,460.85822386373684,155.5461960112481,1614.9507880509032,38.56490553364461,386.034147886253,-455.5441157581347,1006.5084062235238,1.8185996547717922,-1.4252290554803657,8.868119532869853,245
242.68799889146584,93.84222317331553,106.19484371983525,408.0887640419073,1.75,1.437578091524342,0.88,5.28,1.2114285714285715,1.250199105021997,0.58,4.98,339.77524475268075,206.80620393020232,34.740407569644155,703.6013173136333,5.379557588492974,54.54064799360856,-86.60626188412878,90.05898983727002,2.485193684667983,-0.39797235762690897,0.831738294668861,246
376.43482588219615,214.84076864912464,140.36945424568012,934.0545014875688,2.076923076923077,3.8784347887074766,0.46,14.86,1.0676923076923077,1.856763105721683,0.26,7.08,675.2352745501794,389.7328160195182,77.63396605544006,1595.0121963711765,47.136955390690254,318.4215828362528,-368.0584951542554,675.0107140748831,1.9685261606719004,-2.0861436766152996,10.886777673052334,247
1409.45422016524,3211.7474499641594,104.1749732901427,11931.39888077859,2.072307692307692,2.076752889513474,0.34,6.02,1.2153846153846153,1.8436585700928798,0.14,5.52,1072.0835792397222,687.4561435273195,208.3499465802854,2240.0690308514017,304.8016100389831,2391.1666218438177,-5350.6590130762015,5619.080478349272,1.7848833499180423,-1.5258839768518082,8.09707439863434,248
373.9069345076248,125.83373147227749,166.23283516909694,723.5356474429254,0.7505263157894735,0.025356631247504216,0.7,0.8,0.48947368421052634,0.03593893984065968,0.4,0.56,758.6075935820414,229.17662160648774,361.3757286284716,1292.0279418623668,-0.8442699994956984,78.9942126579234,-199.72559548794337,178.70248383455308,2.2525352619995807,0.7634900515824706,3.8164645354555295,249
615.7853613243667,286.52024334438573,252.2510979594843,974.6117537404091,1.0588888888888888,0.3672134959856281,0.84,2.46,0.6822222222222221,0.34721675812694147,0.26,1.96,1028.0721311516602,543.7337537023134,192.79320262797873,2050.629018865873,34.749375616035444,433.5223983832833,-754.7676524918321,933.1479869190729,2.2234927349597404,-1.0324190353567437,4.044810783797911,250
247.11951199027993,115.33728497137771,109.67334003012701,662.5348189759143,0.8066666666666666,0.2007901059979467,0.66,1.58,0.4709090909090909,0.18248910303706556,0.2,1.32,551.3446608614026,222.66712711310248,241.6194456118355,1104.2246982931906,-7.9359733194613336,230.80426394295733,-638.0969113357418,553.1036051276104,2.037030777671961,1.5408598288279376,8.249402420452448,251
204.68030983793062,46.720711238803894,139.39715488949523,243.56142861050506,4.78,1.6879968404393813,2.7,6.44,2.6799999999999997,1.5828244796354816,1.26,4.92,97.63368115780477,62.47024284836723,49.50435540863924,184.50884231131127,-67.69131818770612,368.64134379671447,-510.7655547865443,385.82770822877245,1.96335097008028,-1.678534666443651,9.395114599105943,252
291.07054112884197,142.9845324245477,108.20396530630154,627.5090525812784,1.1679999999999997,1.0898266400043441,0.74,4.42,0.709,0.7143189616322448,0.22,3.62,540.248334331636,321.3518312589702,80.57708636554165,1274.0653259397563,-5.317607498187736,123.41127879019476,-222.58792139536374,266.87301155253857,2.1320709411219454,0.8581952856804594,3.7622468702617375,253
232.2592277743879,121.57417753365023,103.89473268706823,491.2302521166321,1.0104347826086957,0.588368145890661,0.42,2.5,0.4791304347826087,0.22997851764257263,0.2,1.04,576.2719064944965,331.44998961657984,142.61072075313922,1304.7025475510284,3.856024516810929,60.71468403240219,-120.21498294032968,105.37091271276243,2.1667673624991317,-0.14407254773602865,3.367584585598821,254
330.7132621585502,263.8133566311753,101.77590939828599,1347.1112004116167,1.219090909090909,1.267670939317302,0.4,5.48,0.6727272727272727,0.976964111141691,0.18,4.72,725.9106918819333,443.2835046113005,261.9639541567248,1729.9180103374254,31.581233369651553,271.7825063018648,-393.48330869272525,1074.9805098390593,2.0827910027418826,-1.7402206198936856,8.499804472466367,255
458.79266021034874,591.9921894444439,104.62632768567246,2537.222218357107,1.3673684210526316,0.7891827144110204,0.44,3.12,0.6094736842105263,0.4043853179581535,0.18,1.48,798.682823931843,662.1125581876682,164.89634204418908,2536.5135574200926,-42.23057635051088,608.6495329604617,-1513.6609584403498,1297.1391005752994,1.83896051215145,-1.2703028324726695,7.623830766834255,256
241.49596062165554,49.19583344113491,161.79596498740705,292.7006543184874,2.7371428571428567,0.9640490009281043,1.28,3.92,1.362857142857143,0.5357149206345444,0.3,1.86,268.15008483283975,298.98700335276806,90.8966095434871,941.9762199778443,5.792726116666098,83.11937239586032,-165.45992033039195,79.4082685401716,2.6166701806721977,0.1997539892069654,-0.12353207310945091,257
274.9856244617061,134.37750758060977,111.03500664729485,450.7706217640232,3.5028571428571422,2.0572936452672823,1.54,7.76,1.5342857142857143,0.511822141726894,0.62,2.02,178.97939420176016,61.0035976374207,93.66067063080945,246.75959032228917,-1.0378227296420814,180.39458293452262,-284.3066422712191,282.39450875684645,1.9517514401847496,1.7684091649672657,9.554743267922484,258
213.9161419666861,109.13024700474702,136.74940427706656,291.08287965630564,10.059999999999999,9.164103884177655,3.58,16.54,6.61,5.727564927611035,2.56,10.66,40.361911158713795,18.463724623185257,27.306086271698465,53.41773604572912,-22.91540757336398,31.137563619160577,-44.93298995809996,-0.8978251886279957,2.198659918191003,0.8916882522179078,5.2468473343417035,259
708.1628334555022,502.5931450290366,149.33147725018756,2403.4659525451525,1.1304,0.9697958548065669,0.44,4.64,0.5432,0.5235035816496388,0.16,2.22,1922.0077562729286,1225.5810666736825,91.05577881108998,4866.412121356748,71.29923710969824,482.06790532963527,-781.6038008978724,915.2587405317136,2.455048891481552,-0.2501717063025026,1.3501302166285347,260
212.13205087869846,112.1529488563231,105.45708436393028,466.16345745431994,2.86,1.8652001041634727,0.42,6.44,1.12,0.5706137047074843,0.2,1.96,270.45500568245325,232.8375176324321,76.42141813620158,728.3804022723749,-30.591831657940254,149.73725151548658,-244.51884184052523,233.7026773785995,2.020561344864807,1.1371043734383917,6.971175507122595,261
338.4432316786447,214.15909850131953,121.48693567062467,747.086835185127,1.551764705882353,1.7224700116914868,0.38,7.68,0.8,0.8303011501858828,0.18,3.02,792.2226355606922,602.641594082893,53.680326516804136,1659.544495161017,-17.161094617151157,108.03061095459964,-249.64202741427772,185.51244848971083,2.18433064258463,-0.051503705765508376,3.2978441930181575,262
290.34905652838677,167.36222850197663,102.15609034977996,633.8697827374629,1.5541176470588234,1.272139235812699,0.42,5.66,0.7588235294117647,0.6920791352235413,0.22,2.84,590.0047074238,465.31936609078747,60.80719663677379,1732.2084154243987,-23.500097712879324,372.21551241822556,-645.9988767412799,838.3803567931171,2.3564335162741137,1.1072190951102208,3.236730880605025,263
996.3774906410945,798.1925917747394,232.12094860071568,2675.020589601853,3.1900000000000004,3.0222035480282075,0.6,10.0,1.46,1.7990473669615898,0.3,5.88,1261.2284990355406,1208.8242598641273,130.67299716155557,3278.868475041836,-81.5356406243858,661.8738518275044,-965.9183161618845,757.5118442550909,2.2492694664594866,-0.9854667726844041,3.1897370520096757,264
601.0162699601708,477.8460020223585,113.35289807293256,1854.8392586857638,1.7920000000000003,1.2764638655285157,0.46,4.94,0.8773333333333334,0.5566669518105912,0.2,2.4,769.4564966559349,508.8319715557246,195.43603116022857,1864.1635226931564,-49.15108994426897,554.7328916731772,-801.8606570484596,1276.639032755764,2.723035810960358,-0.1638147289803418,-0.08824957981754578,265
194.50712257792782,105.59533162825082,119.21552056568432,348.1732563337175,6.459999999999999,6.781091357591342,0.46,12.54,2.325,2.83357842077234,0.22,6.24,295.7773045572653,275.4566601049936,55.79699620732652,599.5089145787381,-51.7280657368639,51.45344690945155,-111.98323341090212,-4.1779288711491285,1.8259591384406684,1.7361263659114066,10.150861054835575,266
528.6906627245928,275.08873591526145,119.66861215668266,1145.672779131201,1.4989473684210526,1.0411206288143031,0.94,5.5,0.9136842105263158,1.0623255962813944,0.26,5.18,737.474944406143,363.81535704851984,100.16633837592092,1468.8112552964114,-19.601108367446894,186.438580623664,-305.79220725293897,437.6678059382235,2.2456244634301896,0.695856752797159,3.410327411852875,267
498.3451529007641,285.17597738047226,156.14985225491856,1058.6882702452112,2.527272727272727,3.512107888175108,0.86,10.84,1.5872727272727274,2.294990592177192,0.52,7.96,647.3629829609763,423.98592382603425,19.61681560991439,1357.2926541605273,-39.49471190485438,76.3097692768368,-187.85186283724101,49.68664221641079,2.1754489489692928,-0.055822535655847765,1.692788655490613,268
302.7393509997753,116.0232709607412,110.07371151083409,461.4474348562294,2.325454545454545,1.8264959000028642,0.86,7.0,1.5327272727272727,1.7297692962305171,0.24,6.0,330.76996527060146,182.8206942480082,76.90790580937157,663.0818778554751,-2.9923122110003946,170.28065686879836,-309.3517392685519,256.650621027133,2.311042326513611,-0.896572465847676,3.220257532593112,269
906.4291449948288,812.3485260597067,104.92742077742855,3798.949884469647,0.8980645161290322,0.45537837274687454,0.36,2.0,0.49354838709677423,0.3741438973362769,0.14,1.64,1847.2512874781987,1016.631911562108,582.9301154301586,4172.899589323935,122.50863467412634,1064.2239912987889,-1700.7282330960963,3167.1475571012847,2.216508906864275,-1.3829092140075783,5.935846922588539,270
536.8779369743698,424.51132122056015,110.41629471846801,1528.7791847979618,2.3577777777777778,3.0534643348898713,0.72,10.34,0.948888888888889,0.9140082664347797,0.2,3.06,645.3672161092029,275.6809357974486,212.33902830474617,1066.70392601763,-285.63885400211547,525.8901457302898,-1208.546798462628,131.37679632583436,1.9432064119396364,-1.4159421629579785,8.306791395659808,271
1045.2549537696518,829.5545080509143,269.27462834441934,3103.443221180023,1.7525,0.9351470472604829,0.56,3.48,0.8637500000000001,0.5343266791018394,0.22,1.94,1266.382805993069,582.4207545346627,296.4511722186898,2349.7371142054476,317.8085767018074,2330.6276469554246,-3474.846654313388,7596.771921274131,1.9706067442604513,-1.886569535405464,9.71542890029157,272
530.2223617306959,611.6477000134414,115.11999541761655,1933.125589478678,2.4577777777777774,1.9787987377306577,0.78,5.16,1.1555555555555557,0.8093069737607467,0.22,2.46,414.16501287682314,201.03977880492937,129.53609005661053,785.8234103571862,12.035739128985117,692.2556452086086,-643.6162923773771,1496.5790524406893,2.210928711704892,-0.5492701353944863,2.8118001098063,273
636.1636754361622,399.80166358038224,115.22560585807923,1564.4534480976836,1.7759999999999998,1.5587577471453713,0.4,6.18,0.7986666666666667,0.6146993070560907,0.14,1.92,1462.1383711326334,1750.044863291979,287.67179456479323,6017.128646529552,15.810499526296061,504.0064627639128,-918.9679934729223,1193.6170552295382,2.1744241503415793,0.9124399842714785,4.606826902850313,274
1440.3416055670073,968.4101739099974,107.7756961478799,3832.4974788574787,0.78,0.3702551672683163,0.38,1.94,0.45567567567567574,0.3514457484649859,0.14,1.72,4129.359103987337,3353.253909221347,480.5669351631194,15968.739495239495,6.987383938999628,541.556368826257,-862.9726135171737,1610.6712602008643,2.3936420412818986,0.6196768898501848,0.9716641326880553,275
430.2321275741309,371.1008400178472,132.81692207612195,1649.4774747876697,1.0947826086956522,0.5794736605922293,0.48,3.16,0.5426086956521738,0.37144946299235954,0.2,1.58,914.1482816626215,599.7715246566065,176.58789543513313,2324.6305586166745,23.927245714297023,470.27189306348004,-987.0858786597139,1307.8158813428224,2.1904824800069176,-1.6823883670705952,6.710259911390102,277
1188.6977394987523,1002.3397997395665,119.59267510326526,4462.254666874456,1.1860869565217391,0.523395723142588,0.5,2.18,0.6669565217391304,0.5258623634530643,0.16,1.98,1909.5862558585545,943.7097600102098,519.0545415310808,4076.163096957193,173.53404113535794,2427.7748720404124,-2815.8322488170356,6546.310540779098,2.055325265842014,-1.654547729005699,8.489692601949342,278
991.8963387794313,1190.1664194013608,113.7730460283589,4707.876053094846,1.2130434782608694,0.8096151430413695,0.34,3.18,0.6026086956521739,0.3949363284851271,0.16,1.44,1586.4487668224974,1082.7327620410344,426.89902305156204,3923.230044245705,222.42751477940533,2153.8978924143507,-2425.803357510649,9437.430353254113,1.8407181704924855,-1.0905383127094412,9.451572398531182,279
1951.3528734958923,4745.734515132147,161.473860454911,17691.03629723947,2.0523076923076924,2.5561369089772747,0.48,9.2,1.1892307692307693,1.329852507726963,0.24,4.8,1249.526477952185,1101.133194937087,322.947720909822,3685.6325619248896,387.6251391321758,2999.511659598425,-3465.3002929314093,9761.141508148165,1.866238330985192,-1.3803786607043704,8.584859418031447,280
333.6202719668067,209.8211451583493,100.73843662208316,861.1440327893343,1.4442105263157896,0.7557359605743682,0.54,3.0,0.6621052631578948,0.3812199561549215,0.22,1.3,669.0745802761754,520.9800117494682,114.87366765170029,2017.893970426838,-11.257023868703563,159.46192125972465,-449.41181350130523,337.93495703806906,2.0418290556960783,1.2787583354137844,6.654254487035756,281
562.3547396561115,373.3726037461083,111.8879475451728,1288.6389305261741,1.33,1.1177891713462549,0.42,5.42,0.6249999999999999,0.5016971197844372,0.2,2.16,1206.717253715689,882.75967499302,180.46443152447227,3904.883342709962,-45.26659781537484,748.9756024352184,-2622.086427813536,1396.5687173606332,1.9983190834826883,1.1922596892191049,6.652896760574125,282
1106.1849669762041,736.0344503924318,199.7865852785784,2906.110337446298,0.7861111111111111,0.380880767078306,0.34,1.76,0.43333333333333335,0.29940894155939013,0.16,1.38,2936.2497579003552,1724.379416731962,395.3322279621833,6737.558243739799,75.0563099124486,721.9531796322796,-1434.6598117401995,2296.3519730676117,2.199991838923781,-0.9470727601120599,4.511137811942281,283
580.599930411393,405.0461608268002,109.49253061089053,1548.1485971401894,0.7948571428571428,0.4611837162867605,0.34,1.86,0.36742857142857144,0.26960038899804867,0.16,1.3,1738.0176990197215,1039.592781320869,613.3375832699271,5380.574655481479,72.47861218483962,543.6500555801903,-531.8560193502863,2227.3169755459526,1.941266139492341,-0.9906658913337996,7.683607100597792,284
242.80920206107115,160.5322188795913,106.7836581078261,479.0379092141562,3.1228571428571423,0.3392989972337224,2.58,3.6,1.0885714285714285,0.4618595952389489,0.6,1.98,214.86464010885507,85.6764248692341,124.79372356263745,353.70243176130543,61.80525463798272,264.3718026882767,-219.85232070463428,423.26118704127305,2.3998651421731116,1.0931283237685536,2.9028947239419107,285
385.21933435976325,280.56469323424017,119.07439802806331,1246.017825361449,1.341904761904762,0.7501441131383959,0.54,3.08,0.7219047619047619,0.4686109158739162,0.22,2.08,661.5894628511152,485.2977488833365,129.17787968592447,2076.696375602415,-14.041914987453477,179.32601247472215,-323.5267372720996,387.07195015860674,2.351197765163357,-0.09190106154978211,1.4411150833775688,286
169.21661385913134,78.9822446438058,104.54556450886501,326.68559959579693,1.906666666666667,0.9779508570413336,0.8,4.48,1.1116666666666666,0.6262998604115405,0.28,2.02,214.1831651137012,150.92827638467014,55.43066387837812,563.5001576949793,22.721934777710832,95.40205346744354,-49.88204348203478,293.8622929952297,2.1076228355844164,-0.08637275320786784,4.764250421174935,287
1269.6332734901898,901.5929814509116,141.06947680246464,3496.01739505394,0.7782857142857141,0.3601428288094283,0.32,2.02,0.3588571428571429,0.14600103602717485,0.14,0.66,3662.2197700620964,2662.5427176182006,673.2673270012508,12485.776410906929,-171.5357465680122,1886.0624785179596,-6261.10204932406,5390.2407410638,2.124434173706115,1.7597580417870526,6.907237686370921,288
534.8431046501488,494.21622516618146,126.27306543124658,1676.3931526530164,1.9383333333333332,1.164363527530137,0.6,4.26,0.9,0.7548148478570454,0.2,2.24,675.5046832202519,356.64277915715184,154.873899288583,1552.506225114876,-78.8759744065046,479.8434131876818,-897.1755826484347,661.0716503991048,2.170380748799884,-1.340737870892303,6.3004828295055315,289
701.9863189366981,360.2713107177936,104.37355169559874,1381.2313010561106,0.9085714285714286,0.4672513344269972,0.38,2.0,0.4757142857142857,0.3497875394454793,0.2,1.4,1841.7746210366943,1156.524326739123,474.42523497999423,4604.104336853702,32.19092570130522,335.57142386870856,-681.910998582304,725.8825552687114,2.3649521289501525,-0.6874019892550177,2.2236782454211195,290
328.78613343188687,218.56328081271107,118.71470366641086,756.7028443049619,2.1883333333333335,2.975163351766919,0.48,11.1,1.2533333333333332,1.7370054343000425,0.22,5.7,585.132469185854,454.07995034338825,61.19682790409294,1638.0995839140958,1.5649409837694843,180.43929711604065,-266.0455316602895,324.9674505130763,2.1157082038646946,-0.7656646536351275,4.760515085030659,291
662.9306151615232,454.525951330693,109.5592434734737,2068.5735353629407,1.0888,0.6206201199875276,0.4,2.56,0.5288,0.36765382268287833,0.18,1.82,1434.190117216851,849.2673289407719,352.77481474358535,3691.553686222339,30.15296196207234,342.5902992382458,-720.5799855449601,886.1686938787427,2.552841282607766,-0.488789967189139,0.602292251723834,292
257.0477722504791,167.93572933885207,100.94222210311239,660.4022409466471,1.4870588235294118,1.4983481100276828,0.42,6.72,0.6576470588235294,0.5269669037492382,0.18,2.18,550.7528274302508,438.35268222133146,105.14814802407541,1737.900634070124,35.02532684888401,189.93061703435694,-336.55321593497337,352.7205678335742,2.432466837389821,0.30476429517562764,1.0353866933045879,293
671.4175465637283,550.8998804164278,105.37239236495503,3053.24873745037,0.8670967741935484,0.4731891344792771,0.32,2.36,0.4490322580645162,0.3643382571064942,0.16,2.14,1677.5174742358436,1085.812111591076,595.7880908098386,5373.156769375875,17.404901328617157,627.5482713789019,-1393.3921378920143,1977.6215126054915,2.129175737027971,-1.3044911690336285,6.619368915354766,294
1502.5556705523877,2092.9303212500586,233.73435758250025,9658.278028572839,1.0933333333333333,0.8104895639879228,0.4,3.84,0.48571428571428577,0.32348989827460495,0.2,1.24,2983.6448384838172,2447.496259490516,649.2621043958341,10281.201417994303,-69.89222706437356,1987.1290800829686,-3020.740135613651,6888.329905344394,2.1616934936494667,0.4085634061880765,2.3413771599147912,295
645.2176673382435,341.76491654846524,147.08644590790334,1476.6750416809687,0.9235714285714287,0.43396717989672123,0.4,2.32,0.47357142857142864,0.3345778355515022,0.2,1.68,1726.5455668025647,1092.120767795378,229.82257173109898,4252.659612760174,1.6214002492598314,914.6878716493475,-2897.513036210693,2711.789068011923,2.0729774606514852,1.7173865479928438,8.775469238124176,296
638.1244016879792,1426.8148153223094,108.56694223528541,6082.884808171239,1.5341176470588234,1.402119194396153,0.34,5.18,0.8623529411764707,1.3357747256356736,0.14,4.98,800.9736201974692,579.4768157957484,165.53410832399024,2288.7155355014293,-85.13994798673264,1137.2696885983273,-1862.6645559707852,2911.3671247892858,1.866783645555358,-1.441358090267625,8.47385166336167,297
658.7812056172444,269.8479525999227,241.10163804264783,1031.1619212899157,2.490909090909091,3.7452622192456815,0.72,11.68,1.2272727272727273,1.7512572107437039,0.26,6.26,1013.2056612357115,613.3232615270315,159.1870895331545,2170.3127210233956,-120.56756009002088,327.36948140800615,-916.2312171785226,145.690768112875,2.0803069619183283,1.5579468300390997,8.319724832182649,298
1280.0676652647483,1166.0890540147434,303.5290188477311,6237.437780466181,0.8720000000000001,0.5359773541278877,0.4,3.24,0.506,0.5502137515673278,0.18,3.12,2979.587010792437,1624.2596888680052,659.8456931472415,8024.659956967373,130.13115344767132,1565.3034180484979,-4497.4375465671255,3671.6020987952124,2.1765016597845595,-0.8774267286830081,4.175143965747145,299
319.260665932087,177.73176880024621,100.55490553155585,733.9673720799515,0.835,0.3820150309490031,0.34,1.86,0.36250000000000004,0.22482968464322986,0.16,0.98,1004.512576821552,532.271666402427,269.1076505260316,2343.4404096742737,4.702411315275313,265.5660646533105,-963.3992458704718,434.99013029221186,2.1613338068623715,1.5922505391248836,6.886591995146448,300
1015.4872211852177,684.5350240427083,119.5704605560934,3028.504997206349,1.1458333333333333,0.5389032071408247,0.34,2.34,0.6774999999999999,0.34050154823117335,0.2,1.48,1508.6734356775096,677.1084073340651,597.852302780467,3243.073362921484,57.924286068383104,708.9806341339938,-1803.8115279961178,1660.410165165744,2.3801195362122822,-1.0725936326072125,3.16854432155952,301
1139.4784550723637,1480.2835917959665,102.80109523333476,7377.120436942518,1.1756521739130432,0.9281840828734376,0.38,4.18,0.6460869565217392,0.8357345116201936,0.16,4.06,2086.6640388990527,1392.5040961473146,361.0671785191941,5056.794821895493,198.16631658129864,2385.839963121738,-3080.3178205744757,9691.382033578831,2.02295824055382,-1.6221097307508414,8.350816527121534,302
882.3296469703171,518.3030318792174,113.08658557865863,1968.0951743154653,0.7897142857142857,0.2765914986814619,0.36,1.34,0.3977142857142857,0.19922032902241257,0.18,0.82,2399.7128047479637,1589.0676675825807,628.2588087703257,8200.396559647772,-99.54594140047988,560.2694281517773,-1545.488841448463,876.3480972415042,2.2061095266091715,1.0061352664444154,4.940106942045346,303
269.46626574412943,181.94984774968088,106.65281582211144,903.8532582956354,1.0248,0.5652220802481092,0.4,2.46,0.5584,0.4285992689370029,0.18,1.8,643.5628816648791,475.0919379009712,198.64936865544087,2276.1262656625718,-12.165016363761081,99.29126566954214,-219.30570145549046,166.72030762636086,2.1195835074783416,0.20047992747351814,3.9035345037814935,304
888.4278724631907,794.525975490301,113.8862754984469,2838.8614887875324,1.4925000000000002,0.6794458526377704,0.48,3.08,0.79375,0.6470741843096508,0.18,2.26,1073.4996756125504,299.2413383457319,632.5708156757155,1627.3172814580576,-358.16570168658086,1428.8297116517688,-2653.6494457711574,3441.6376591066046,1.9238018808641866,-2.026541724969416,11.392770181876385,305
203.92174756341961,105.92001501888245,129.02498668018686,278.81850844665234,6.16,3.9032294321497423,3.4,8.92,3.69,4.879036790187178,0.24,7.14,288.32716121724167,352.53084340657705,39.050211267038144,537.6041111674452,-134.83031249689077,745.935163254259,-662.2861247594717,392.62549976569017,1.9589429874600384,-1.2819403307667416,7.7660776508911535,306
503.63431129902784,373.4877050232774,102.92843638408158,1613.8617200490735,0.9792592592592592,0.8242008993607823,0.38,4.74,0.43037037037037035,0.3267730508787816,0.16,1.48,1355.1901714410228,1040.9602275923123,428.86848493367324,4482.949222358538,-84.07673489656672,1266.8866587427792,-5569.022009697017,2538.456392399554,1.8676584854264204,1.331613945044562,8.925002837805225,307
698.1575067669934,532.4941103126624,142.84988933966883,2307.9800627918685,1.12,0.6697695904920036,0.34,3.24,0.6658333333333334,0.565730898285892,0.18,2.32,1322.1655877141918,1099.2551811720868,177.7986976351839,5674.248720019188,44.32807288831062,580.5848011781801,-885.516830912983,1331.9967899616834,2.2350237854131225,-0.952487023686365,3.000685031837019,308
536.7873613434175,549.6406990419864,109.9443617094712,2258.797045554273,0.9020689655172415,0.6628368648163784,0.38,3.56,0.5186206896551724,0.6112500314807531,0.16,3.32,1126.8344398021923,538.8409095678635,211.43146482590615,2231.4014759201314,24.384842718062114,704.1507175744284,-1519.5643340821625,2655.8170147213486,2.2617855879219606,-1.2861063393630048,5.0616024205832115,309
390.2320981910865,248.84712375918753,112.7754904909174,1014.8201698837703,1.1391304347826086,0.573584526888728,0.36,2.96,0.6295652173913042,0.32701790694463606,0.2,1.54,720.5832793739202,474.13035973309434,89.50435753247413,1905.0803059062152,28.909955587602553,274.39233128414367,-477.04277449325355,667.47643423033,2.28963520667856,-0.7931758539544052,2.5891330105570276,310
314.40588439740804,272.56667144185803,101.24379347898164,1432.4167002719314,1.093076923076923,0.6990952394675233,0.44,3.2,0.5284615384615385,0.33681677283285416,0.18,1.58,644.6995463073828,352.84476807441007,270.7250819491807,1790.5208753399143,-3.3786216177350363,206.05368274974919,-241.51370168309768,824.536467780534,2.193903606172645,1.8967005857679002,7.39512363051548,311
578.9903015908811,687.3968324460257,144.69605272491322,2759.446587765497,1.6400000000000001,1.608361485073137,0.5,7.16,0.79375,0.5466854671563897,0.22,2.28,794.0931175629141,665.6336178617321,195.67275493676587,2338.5140574283873,-19.60072859170387,1040.3293205619357,-1576.5309473494729,2824.198135792599,1.7445637379083938,-1.200187698023919,8.262426408805768,312
153.0258053056194,61.844464752557684,103.08183438503903,240.69901623909072,2.215,2.925947140101247,0.58,6.6,1.35,1.9986995772251517,0.24,4.34,337.27221724076037,205.1341853227274,34.84151848824615,487.9590848306647,0.009733078778431548,33.024363697811275,-43.9662093044832,35.339028493888314,2.097658093654826,-1.0338599734814653,5.244520767386309,313
279.3957549895707,168.3632037475616,133.989763591602,567.5734432314007,4.640000000000001,3.8659022232850124,1.5,11.3,2.2,2.3529130880676403,0.62,6.32,194.3298393556878,144.7942616652478,89.80592456193048,436.8725540499588,13.59734766762744,180.52369071420068,-181.75435228586196,210.9989303611879,2.0577935610568234,1.3115015605285703,7.330266647327539,314
372.53875905051154,139.26993814131814,143.30473827445203,611.9982709858004,2.3,3.4338316790431063,0.7,10.04,1.1542857142857144,1.218836291206454,0.44,3.78,603.1866697979514,380.7025976530041,37.91130642181271,1133.330131455186,16.33441868219429,228.80967124270552,-303.6593082116148,338.36346940847545,2.1029476334653356,-1.5151601009980145,7.976744292170329,315
