amplitude_mean,amplitude_std,amplitude_min,amplitude_max,width_sec_mean,width_sec_std,width_sec_min,width_sec_max,rise_time_sec_mean,rise_time_sec_std,rise_time_sec_min,rise_time_sec_max,slope_up_mean,slope_up_std,slope_up_min,slope_up_max,auc_mean,auc_std,auc_min,auc_max,fall_time_sec_mean,fall_time_sec_std,fall_time_sec_min,fall_time_sec_max,slope_down_mean,slope_down_std,slope_down_min,slope_down_max,bpm_mean,bpm_std,ibi_mean,ibi_std,sdnn,rmssd,num_beats,sd1,sd2,sdppg_b_over_a_mean,sdppg_c_over_a_mean,sdppg_d_over_a_mean,sdppg_e_over_a_mean,sdppg_b_over_a_std,sdppg_c_over_a_std,sdppg_d_over_a_std,sdppg_e_over_a_std,ai_proxy_mean,ai_proxy_std,shannon_entropy,signal_skew,signal_kurtosis,n_valid_beats,n_peaks,n_feet,row_index
1655.5255545958455,948.7090705977022,747.7787501404821,2640.4787106130716,3.3266666666666667,0.9235438989746689,2.36,4.2,1.8399999999999999,0.563205113613149,1.42,2.48,855.1950080364228,288.1378601421014,526.6047536200579,1064.709157505271,540.9194918994884,3795.2296344133047,-2448.274230174031,4810.81969615229,1.4866666666666666,0.6616141876753652,0.74,2.0,805.5678565178808,507.73903181296043,421.23338147810136,1381.159379781756,16.984643772072225,8.775010590382601,4.895,3.7959408144314715,3.7959408144314715,4.031955687587187,5,2.0739120307069703,4.16084593428895,,,,,,,,,0.9954785549732641,0.005350704370448149,2.508408381112032,-0.7703813001477634,4.742569402509058,3,5,4,0
914.3161883259611,724.2558639614476,528.4963359697089,2202.6586194082383,2.0439999999999996,1.116727361534587,0.94,3.54,1.52,0.8519389649499546,0.6,2.36,653.8293124999166,300.3660949368813,308.9589305507241,933.3299234780671,61.26188590807601,300.01761805295064,-390.52725865430307,418.4623099718117,0.524,0.36834766186308276,0.34,1.18,2222.584144716825,2139.2827897398456,1045.709338047291,6023.592493156124,35.30261764474221,19.979274059111738,2.1733333333333333,1.0574434579052758,1.0574434579052758,1.0537172296209265,7,0.6496399002524399,1.200671663880032,,,,,,,,,0.9939179725780651,0.006461737555746613,1.9839376023626585,-3.59837718850095,20.221196407822756,5,7,6,1
882.2378581258293,,882.2378581258293,882.2378581258293,16.08,,16.08,16.08,3.3,,3.3,3.3,267.34480549267556,,267.34480549267556,267.34480549267556,-801.6178838574314,,-801.6178838574314,-801.6178838574314,12.78,,12.78,12.78,91.45883293669677,,91.45883293669677,91.45883293669677,8.49856420073841,7.899716125111574,12.43,11.554124804588188,11.554124804588188,16.340000000000003,3,0.0,11.554124804588188,,,,,,,,,0.9950320274711428,,2.555868080054473,-1.1732956681187359,5.468572760681839,1,3,2,2
172.99122696666748,71.69495686843385,124.66921839296835,358.5719760070641,3.04,3.3956148191454227,1.06,9.88,0.9666666666666668,0.7252585745787498,0.7,2.9,197.32401679394488,35.61995253880493,123.64550896795315,239.33827935566464,-26.304996219084913,239.31803161406057,-517.6794676981949,328.77439099531756,2.0733333333333333,3.452868372817012,0.32,9.16,301.99893270726056,133.66446634905512,34.093313489269846,405.8848632680388,37.67356106415415,23.179382540033238,3.5260000000000007,4.093898440905007,4.093898440905007,5.3601907097084185,11,3.725461940037325,4.03595606186853,,,,,,,,,0.9950407956140217,0.0018393385848450715,2.4564198531642307,1.1990891496239193,6.051679418536949,9,11,10,3
684.8749064204445,18.251657208654823,671.9690358403124,697.7807770005767,10.32,11.851109652686537,1.94,18.7,5.5200000000000005,6.873077913133242,0.66,10.38,560.9902514246943,701.8082180722437,64.73690133336342,1057.2436015160251,-602.7304129346116,148.21586291364758,-707.5348546802676,-497.9259711889557,4.8,4.978031739553295,1.28,8.32,337.3022132254242,304.1275951912336,122.25152831974572,552.3528981311027,6.210687436089967,0.7165937176840436,9.753333333333334,1.203550303615654,1.203550303615654,1.5315351775261319,4,0.8202438661763952,1.1218635290345156,,,,,,,,,0.9969529884520881,0.0007308396519822967,2.5774950076442633,-1.3280648873751015,5.571871150635115,2,4,3,4
580.2858599822748,98.4715603264221,510.65595192144156,649.9157680431081,7.91,2.8991378028648453,5.86,9.96,2.75,1.682914139223983,1.56,3.94,246.1483997720396,114.82729527174575,164.9532406200782,327.343558924001,-253.09801154740785,1087.787069389168,-1022.2796247995301,516.0836017047144,5.16,4.582051942088828,1.92,8.4,215.23575975499514,124.9392494433355,126.89036923725503,303.5811502727353,9.219498201284818,7.153052190198155,9.76,6.883836139827851,6.883836139827851,10.322054059149274,4,6.6609458787772775,4.337595339970448,,,,,,,,,0.9962440613328922,0.00513545289162688,2.534270871460699,-1.3887004106782301,6.508731607947189,2,4,3,5
,,,,,,,,,,,,,,,,,,,,,,,,,,,,,,,,,,2,,,,,,,,,,,,,2.4622670722287516,-1.2531058825609835,6.274674702481386,0,2,1,6
557.7378260300983,151.46195887388598,198.1815249347172,919.4510103928013,1.1513333333333335,0.08720698063380226,1.06,1.32,0.7793333333333333,0.07153168255532232,0.7,0.94,722.5532411777773,209.6672593371289,247.72690616839648,1209.8039610431597,-50.92796618912984,246.34467744322873,-681.9755195789014,379.9383913620668,0.372,0.07116760208273773,0.28,0.6,1477.8949093199178,577.1641973063216,519.2711777155968,2651.8565800915235,52.3171817318004,3.957100892974992,1.1535483870967744,0.09156230618534295,0.09156230618534295,0.14596803303006675,32,0.10319776052695027,0.07467699125882693,,,,,,,,,0.9938760514556457,0.004167174740561012,2.760935374333451,0.3465115019390416,2.0185065670638975,30,32,31,7
,,,,,,,,,,,,,,,,,,,,,,,,,,,,,,,,,,2,,,,,,,,,,,,,2.612711265691592,-1.7133860338153322,5.286941573070763,0,2,1,8
278.99369567415556,111.2655144591574,95.99155967067067,584.6146277138758,1.094,0.3639306489447946,0.42,1.78,0.6940000000000002,0.30531611656524577,0.2,1.14,472.8907189031439,244.19906105958748,208.23177578570753,1108.438790012242,-0.6013026926164052,124.19225908434387,-196.0423817733663,437.697061778616,0.4000000000000001,0.1901723356363362,0.2,1.12,760.3555748004662,343.3210303390547,305.99112649844267,1629.2186629839784,64.12968735744732,31.214974223387202,1.0993548387096777,0.36629619602967006,0.36629619602967006,0.44752653552610716,32,0.31644026994749647,0.3994434198607103,,,,,,,,,0.9923259294879382,0.007537722725549388,2.9695578044866346,-0.1835141038267346,0.37579492627863553,30,32,31,9
741.6605708234075,228.27629984460773,383.8331326467318,1361.2146141954258,1.0133333333333332,0.08436033823229178,0.86,1.2,0.6545454545454545,0.09582180431310078,0.36,0.88,1147.787932881398,360.4098924990337,619.0856978173094,1944.5923059934655,-3.9389540886232486,183.86948885557032,-466.74507147311095,316.8086725014221,0.3587878787878788,0.08107703033834458,0.28,0.78,2033.4344960274377,648.0456785140766,926.3396149800999,3463.6311367248,60.24579820616394,8.049649294982759,1.0129411764705885,0.1362602103322393,0.1362602103322393,0.20449494325821804,35,0.14458960001820725,0.12302589181926027,,,,,,,,,0.9946157601066181,0.0039850907504896975,2.8366594092709123,-0.41632572824640823,0.5091332436675926,33,35,34,10
135.64980578631884,63.36313162504781,78.62285917146383,238.5377552766093,3.2711111111111113,2.3567798181228365,0.68,7.3,1.6444444444444444,1.4778625706667647,0.32,4.88,147.09946493928743,110.65980805346213,48.50357706801436,348.60429303053115,-7.33341600416648,133.70258114404663,-193.02762237502816,292.9853973387565,1.6266666666666667,1.6188576219050272,0.28,5.28,138.48129089395678,70.55401577067747,58.959575183210625,274.8622519987091,27.229113827060864,18.415937205218093,3.408,2.6749571128441585,2.6749571128441585,3.077928596384985,11,2.0960185655572077,2.9131457520761823,,,,,,,,,0.9932645938357414,0.0038414978954535114,2.436325938632932,1.120708670018429,5.9008056491196665,9,11,10,11
,,,,,,,,,,,,,,,,,,,,,,,,,,,,,,,,,,2,,,,,,,,,,,,,2.534135910433044,-1.1062726008938324,5.337218267857283,0,2,1,12
95.06996136031519,59.42541319876188,56.14785687799699,236.76247195297952,3.5575,5.311254223681203,1.04,16.46,1.6325,2.2761104040508604,0.34,7.16,105.1710286995588,86.98484894590433,33.06738435097479,310.3852408429931,-17.417300639489103,37.36388316023954,-68.59972130092848,36.9495886766671,1.9249999999999998,3.054696618090155,0.32,9.3,151.39548984058797,104.3712182225329,39.21759594698225,305.6317151004993,32.56429449942442,21.947533760406735,3.9000000000000004,4.304102693942141,4.304102693942141,2.9680043800506763,10,1.8805908313612507,5.421922610261665,,,,,,,,,0.9929576301533092,0.007758753726461746,2.864516707562297,0.18174069352197145,1.1850570286794433,8,10,9,13
279.47101236031745,61.61360974083702,177.235505210131,437.54116712143326,1.32,0.6453751551687521,0.9,3.66,0.7130434782608697,0.13864391219001207,0.34,0.96,401.9605486598025,96.04250765626807,199.22279967984912,679.9408560916447,-12.327912814450057,390.5925186709077,-1036.8810078634951,689.1939079001485,0.6069565217391305,0.6403297075627147,0.34,3.02,668.3148154911236,228.01702441933176,216.06308485449503,1004.3904083639896,50.1907804499646,16.198885402096405,1.450833333333333,0.9171217579147164,0.9171217579147164,0.584911736187978,25,0.4004874156978283,1.20488247323634,,,,,,,,,0.9932232778244152,0.004151516271928006,2.511660277584832,1.1749416693585917,5.624929823310689,23,25,24,14
695.6117139966242,29.562865933197042,657.8530008885544,729.9810150906736,3.515,2.549215565620138,1.02,6.98,1.845,2.2048053580002627,0.3,5.04,1089.6288857201027,964.4579522027794,138.7794361023263,2192.8433362951814,299.91930595084085,297.23756381013106,-66.47722800848919,584.4016422314204,1.67,1.1602873207385602,0.72,3.2,576.441784405571,401.03403043254207,207.03800052792286,1141.50449013874,22.625830753513334,16.95113400183054,6.08,7.260619808253287,7.260619808253287,8.905049129566887,6,5.877579221073927,7.056955611310022,,,,,,,,,0.9957439967285588,0.0014496750608681006,2.604654373761641,-0.8367911420186899,3.790436275507407,4,6,5,15
,,,,,,,,,,,,,,,,,,,,,,,,,,,,,,,,,,1,,,,,,,,,,,,,2.38273204195573,-1.2218672791788252,6.263415033320378,0,1,0,16
619.5251531436279,662.5940311699007,161.14935101934626,2810.9453276514737,1.1652173913043478,1.2542468568290743,0.34,6.34,0.5243478260869565,0.5652017024274409,0.18,2.38,1813.4966602654176,1889.088819365303,139.92199664976079,8267.486257798451,-9.420164930614822,342.46806652033666,-912.3533138090379,899.9468396897523,0.6408695652173912,0.8215833551662095,0.16,3.96,1659.2339039345445,1883.136657890502,101.25497212260825,7917.300744233192,75.69937011284021,39.58846667817471,1.2591666666666665,1.1018794878738336,1.1018794878738336,1.0787351691761011,25,0.7593809039460254,1.3230416674592032,,,,,,,,,0.9908701103096219,0.008155156106508913,2.4192560018381353,2.4958496610826377,10.617707498427524,23,25,24,17
159.48589274996556,107.81516420701132,38.013720307879886,370.9583236591584,1.5070000000000001,0.9183343044539075,0.44,3.84,0.741,0.6987952037915725,0.24,2.56,300.3122891925229,267.8668084101474,73.1033082843844,983.7276128320702,-5.890881429108016,124.95240721428647,-177.82115547682562,249.7554746390784,0.766,0.6157955915125699,0.2,2.56,287.5708553241419,267.3477483128892,61.63512478617534,1138.962077909471,50.85293409505126,27.513934408223356,1.6619047619047618,1.185409714181637,1.185409714181637,1.260198397078809,22,0.8762588088002311,1.3815696407838445,,,,,,,,,0.9932139505852428,0.006835567891703062,2.9178752108902093,0.9758205132201774,1.2669119288789847,20,22,21,18
1189.0232809875604,740.1054718486898,665.6896830500823,1712.3568789250385,11.09,8.725697679841998,4.92,17.26,7.5600000000000005,4.1577878733769,4.62,10.5,217.0195172583414,217.25219431104904,63.39901743334117,370.64001708334166,-1128.5323063559,498.2771756050361,-1480.867476136701,-776.1971365750986,3.53,4.567909806465097,0.3,6.76,1712.317537286705,2173.653590341206,175.31234360595224,3249.3227309674576,10.248634430510961,10.124089545871854,10.300000000000002,7.082033606246161,7.082033606246161,7.2044985946282205,4,1.145512985522207,8.096999444238588,,,,,,,,,0.9944752079120587,0.007123343653451245,2.5088620455551762,-1.066416943049164,4.933661223551622,2,4,3,19
,,,,,,,,,,,,,,,,,,,,,,,,,,,,,,,,,,2,,,,,,,,,,,,,2.581424252026216,-1.0434100175753163,5.088931553910069,0,2,1,20
458.70053782226,205.87623250062686,252.2091939122832,775.7055908482716,2.968888888888889,1.8749162944278635,1.1,7.16,1.413333333333333,1.0517128885774862,0.32,3.24,529.6702375713821,616.1568992753669,215.1737615489457,2147.8283539508793,-112.34421285598006,1049.4624293562267,-2298.131144053715,1291.4953236454423,1.5555555555555556,1.5874752841470563,0.34,5.14,564.4781823263958,305.79015891996943,158.10892091193557,1004.9209993599889,24.502019055226164,14.449881254255013,3.336,1.8245924963612499,1.8245924963612499,1.8698544209524857,11,1.3112504634042186,2.0671405908215874,,,,,,,,,0.9940679795466968,0.004888101366179416,2.4562655137338787,1.5542679713180907,7.4017595463194095,9,11,10,21
603.7718744517418,407.8375670393679,343.00204498400836,1667.3752836564677,3.397777777777778,5.592150252313008,0.76,18.18,1.6311111111111112,2.874858450621719,0.44,9.24,709.1551409496864,286.17783073531024,180.45187052559174,1010.7328534992668,-102.55421137433044,240.97297924133468,-594.0413198947886,132.099137873941,1.7666666666666666,2.786897917039661,0.32,8.94,817.2723535898881,464.776525251508,316.0632113894552,1411.1818406193227,43.29909211810273,26.433168796969024,3.5,4.6147011459754,4.6147011459754,3.5979006224309322,11,2.3579003005132537,5.724696164237846,,,,,,,,,0.992436249590273,0.006171188282614848,2.4188149241328603,1.3624823154768826,6.710650382904289,9,11,10,22
,,,,,,,,,,,,,,,,,,,,,,,,,,,,,,,,,,2,,,,,,,,,,,,,2.4776483938384093,-1.2492970280552174,6.380778040959854,0,2,1,23
,,,,,,,,,,,,,,,,,,,,,,,,,,,,,,,,,,2,,,,,,,,,,,,,2.4766589643743564,-1.1149758217807206,5.446481028216271,0,2,1,24
201.0129850277679,6.272962624291287,196.57733061800178,205.44863943753404,8.43,7.566042558696058,3.08,13.78,2.62,0.14142135623730964,2.52,2.72,76.76973262893547,1.7495866725451912,75.53258802850516,78.00687722936578,-194.61001419193335,321.807551324834,-422.16231597076137,32.94228758689469,5.81,7.707463914933368,0.36,11.26,262.2341146823612,316.55800306468234,38.393804076452405,486.07442528827,10.400948637868314,9.27086403898715,10.153333333333334,8.381940904905816,8.381940904905816,12.231475789944565,4,7.714534982745234,5.8448148910903175,,,,,,,,,0.996249995720349,0.003411189921686035,2.5646441018863912,-1.3605825724785647,5.822227599484922,2,4,3,25
499.4133316470042,193.54437787004977,205.53039687509357,896.3769177028587,1.5590476190476188,0.6658971749595035,0.92,3.24,0.9085714285714285,0.43674117866633233,0.56,2.02,607.0181214369687,264.95762552083664,183.87763708562773,1061.9110309876473,-41.53238112150011,570.9542430903771,-1624.3652538838967,1318.83767077914,0.6504761904761904,0.5017018655583831,0.28,1.64,960.1568128221932,450.08264874791723,386.79937016181947,2017.8573998785118,42.55952155274545,15.067286417357247,1.6263636363636365,0.6556243513196333,0.6556243513196333,0.9387022449967319,23,0.6605405606013506,0.6199161920419769,,,,,,,,,0.9916659160352881,0.005314232403862625,3.005876466243576,-0.19110287513205346,-0.02985845538506382,21,23,22,26
196.0233583702758,68.03421453160433,147.915903922278,244.13081281827357,2.3099999999999996,0.014142135623730963,2.3,2.32,1.1099999999999999,1.1455129855222068,0.3,1.92,445.4044546768825,520.9466677237933,77.03953329285314,813.7693760609119,-112.17735767803943,195.49643503588672,-250.41421258971027,26.059497233631426,1.2,1.1596551211459378,0.38,2.02,394.2305226439199,376.27515559830965,128.16380852833183,660.297236759508,33.09326575580445,47.75454032781607,7.473333333333334,5.887693379697463,5.887693379697463,10.192595351528482,4,7.20541810029092,,,,,,,,,,0.9944262563804824,0.001854697075534631,2.7868252060059353,-0.9560004290713562,2.237672967655125,2,4,3,27
,,,,,,,,,,,,,,,,,,,,,,,,,,,,,,,,,,2,,,,,,,,,,,,,2.4805488976140824,-1.394515067779685,6.42385302909932,0,2,1,28
481.7413424559374,144.36727185086804,331.688954895185,868.7316552905525,2.483333333333333,2.5525720836881853,0.66,10.26,1.1633333333333333,0.697623672103225,0.34,2.62,575.3141814757317,393.83831866935805,255.59548687823502,1541.2067069877453,-137.66394239191993,514.3493412894572,-1286.4106352678368,962.5555763099056,1.32,2.407775283987652,0.26,8.64,952.5796131923024,471.18363575303675,218.45193519376815,1570.4965579076115,38.33354676183875,22.380122741024042,2.5846153846153843,2.9591006949877396,2.9591006949877396,3.1392939758274734,14,2.1359004736488383,3.40637101417231,,,,,,,,,0.9925046127328301,0.0047053314575287684,2.511130362332263,1.1104163940268907,5.407263212680045,12,14,13,29
664.1602040424646,220.49597288323454,394.04762920474343,1050.1967954670968,3.351111111111111,3.59700029345441,0.9,12.72,1.4688888888888887,1.7469433623077513,0.3,5.72,1130.862978216433,973.6970784501273,108.97719442852966,2664.149181316166,14.05376765917764,642.2220655848273,-831.6824401388184,749.331520618294,1.8822222222222225,2.073003725140031,0.32,7.0,618.7799558331976,324.2146547540057,295.4376761231775,1205.7034123312592,36.02741624819303,28.388430862512546,3.5340000000000003,3.4604566172688824,3.4604566172688824,3.194210039709001,11,2.1497183278022467,4.1150065748563645,,,,,,,,,0.9959111080079615,0.00414930513916698,2.5832974452323842,1.0604660204979086,4.927816723996621,9,11,10,30
561.3895595932432,128.47954654096978,330.6052143624925,827.1438340220225,1.0157575757575759,0.09024377759125222,0.84,1.24,0.6606060606060606,0.07202167182259248,0.54,0.76,845.2553906166042,146.05182000518178,516.5706474413945,1117.761937867598,-17.701010239497297,183.05870441165683,-416.89029938735274,283.62268217156975,0.35515151515151516,0.056795753148959786,0.28,0.5,1641.350980314307,509.51505794169805,832.5291411930507,2538.7256584934266,58.56650320209341,7.13409264305517,1.0458823529411763,0.1912339143096085,0.1912339143096085,0.1892248942556465,35,0.13221153431967475,0.23132170146789105,,,,,,,,,0.9936544950849912,0.005128170315870646,2.750577962350905,0.7100879345208828,2.863704668861039,33,35,34,31
259.792437570225,184.8456818968982,153.9383035328646,632.8918222254929,4.9799999999999995,6.00634331353112,1.02,16.82,2.4966666666666666,2.904986517467279,0.66,8.24,161.08533118852333,106.95986826528271,65.1552192535533,358.2038269605176,-150.4373691097613,130.4883664408876,-313.8389660446278,65.27261478953778,2.4833333333333334,3.1113576886411933,0.36,8.58,227.26753666239915,142.59054217009074,85.61242287754945,435.9391785031147,20.682645607295402,13.592298983422005,4.871428571428571,3.9958454615238748,3.9958454615238748,3.4639284057266537,8,2.128765944025891,4.779119170448825,,,,,,,,,0.9961852964848125,0.002674488902660373,2.4724728500824398,0.9627262143584524,5.133367178921956,6,8,7,32
569.36402298062,270.7774443459313,377.895455891249,760.832590069991,13.95,9.291383104791233,7.38,20.52,6.3999999999999995,7.269057710597708,1.26,11.54,182.92353114333864,165.45379065020535,65.93003380155902,299.91702848511824,-330.8162217099713,222.03157005664895,-487.8162505345237,-173.8161928854188,7.550000000000001,2.022325394193526,6.12,8.98,121.70117553494202,79.15964284319061,65.7268552842168,177.67549578566727,10.485834880563702,11.233181682529722,11.066666666666668,7.729691671297979,7.729691671297979,11.178380920330099,4,6.993286065934956,5.54600106182624,,,,,,,,,0.9951914425800517,0.0063048745001191555,2.492718926479557,1.084249026035268,5.233027760825211,2,4,3,33
,,,,,,,,,,,,,,,,,,,,,,,,,,,,,,,,,,2,,,,,,,,,,,,,2.4173124810529516,-1.4747428772844842,6.918117298080793,0,2,1,34
342.8472986751698,145.21700953888705,110.5668269321977,590.3403964997972,0.9084848484848483,0.572997170652489,0.42,2.78,0.46484848484848484,0.32295627811788635,0.16,1.42,975.9652507056932,590.8882714948925,173.9055482896529,2215.545862732248,-27.097185998714618,163.80223033338868,-520.7841027726664,340.6580711029606,0.44363636363636366,0.4509283353664567,0.18,2.58,1024.07079087506,625.9084047593553,167.6117320288175,3182.822479326887,85.14039028915955,40.64736429178282,1.006470588235294,0.7855315990131322,0.7855315990131322,0.8321494620996444,35,0.5882273256090751,0.9229359450880191,,,,,,,,,0.9886197949240026,0.008746986979730212,2.9308882471248032,0.16182601561292007,0.6458628644816056,33,35,34,35
141.0002397360694,43.65493803526619,95.92081945189697,307.27416840445244,1.2016,0.7285355173222512,0.88,3.66,0.6976,0.40084577250275866,0.52,2.4,216.77289849431057,50.043951531893484,117.07504037411258,294.29416012461706,-28.471870477280987,268.0944187127771,-1118.936353055784,213.8512988735065,0.504,0.6685805860178712,0.26,3.14,407.9212753879335,89.63051146437083,139.7870916963927,561.7828276212505,57.88648015018128,18.18469325087607,1.2815384615384615,0.8325752449247686,0.8325752449247686,0.8220364955401921,27,0.5772902216389951,0.9998887038657568,,,,,,,,,0.9902105187017827,0.005571265259833899,2.563627705070077,1.1491268379151967,5.286056246367545,25,27,26,36
,,,,,,,,,,,,,,,,,,,,,,,,,,,,,,,,,,1,,,,,,,,,,,,,2.452900843673329,-1.0173016677757254,4.7320440395709475,0,1,0,37
262.8476126312171,99.0855726031667,145.67843136322827,368.2277867071761,4.191999999999999,1.7736177716746073,1.26,5.68,1.548,1.1741039136294538,0.34,3.3,257.9588942982801,167.0175509101852,106.7252219448436,442.6511520905833,-92.4371930635697,246.94739718669345,-351.9834747308834,242.488200047302,2.644,1.6901715889222608,0.66,5.34,146.916141757552,163.10143629750738,58.20161022571217,437.48769448589024,19.952734368143272,20.334748606503723,5.156666666666667,3.0527736022618295,3.0527736022618295,4.4078656966836,7,3.0915756500528984,2.444286762591038,,,,,,,,,0.9983288634147431,0.001191603012238712,2.7676177555829904,-0.8941280211407773,3.0671099639699095,5,7,6,38
1052.7823175292026,704.9631006083026,273.14033063792965,2688.0775576451756,1.559,0.7666873376313257,0.48,3.28,0.7589999999999999,0.35744561603277863,0.24,1.26,1609.7530517062203,1006.8337657989762,325.823856690498,3247.622595358465,-89.40694300012761,785.0191370595481,-2586.935416341188,1260.0804913460238,0.7999999999999999,0.6255608010333398,0.24,2.08,1861.7304421454223,1328.627335408913,242.7189773933029,4891.9182666639335,48.44424486108384,28.605882928428755,1.6152380952380954,0.7775063925629103,0.7775063925629103,1.0240800749941383,22,0.7240341842758531,0.7919810038320609,,,,,,,,,0.9930278392113177,0.006547800723273829,3.0784013045946654,0.40323263506007306,0.5281674964872618,20,22,21,39
554.6193610363512,123.4234734665899,349.9970747516404,927.6956366047426,0.958125,0.17154774563443867,0.86,1.84,0.6331249999999999,0.17216716370453605,0.48,1.52,892.843847100381,173.00787835280363,407.2031737041615,1364.2582891246213,11.870453364976541,274.1096631540553,-696.6977289793801,673.4414229799739,0.325,0.03212877315609995,0.28,0.38,1622.1021532561026,268.7392665488095,1139.1929011579537,2088.1450891947684,63.85154298009295,7.041466919166256,0.9575757575757575,0.17362010077735643,0.17362010077735643,0.24525496936861443,34,0.17341244188350502,0.16849064772284628,,,,,,,,,0.9913282574209568,0.0059428776093686,2.7174364479770703,-0.834409181359537,3.525638515649238,32,34,33,40
167.27506634693373,72.06162848935874,95.49784913080528,383.0007928281793,1.7422222222222221,0.9477624147281016,0.96,4.48,0.8866666666666665,0.4260902969752663,0.3,2.02,203.6453993440431,75.46449119507577,102.20110525603094,371.2525086595872,18.01290274541421,203.328523640348,-403.64133038151004,362.5230947749842,0.8555555555555556,0.9812490373002228,0.28,3.8,292.51321407949456,134.2232437056819,57.43976981158097,536.9717823902299,44.98806204155548,20.664844003781482,1.7073684210526314,0.992151657903519,0.992151657903519,1.240241911886548,20,0.8762056948873856,1.0475571801199564,,,,,,,,,0.9932011759077221,0.003973585676581469,2.935257942777569,-1.0959693354852162,1.8545298109768211,18,20,19,41
1556.3569720556557,,1556.3569720556557,1556.3569720556557,5.9,,5.9,5.9,5.58,,5.58,5.58,278.91702008165873,,278.91702008165873,278.91702008165873,852.1775665092007,,852.1775665092007,852.1775665092007,0.32,,0.32,0.32,1191.4969926550068,,1191.4969926550068,1191.4969926550068,38.9792899408284,50.94097669198945,10.540000000000001,13.774440097513947,13.774440097513947,19.48,3,0.0,13.774440097513947,,,,,,,,,0.9962803900509368,,2.6311196334662115,-0.9753393513135244,4.6040445767979925,1,3,2,42
844.6980833049272,,844.6980833049272,844.6980833049272,19.66,,19.66,19.66,11.14,,11.14,11.14,75.82568072755181,,75.82568072755181,75.82568072755181,-371.4469607180103,,-371.4469607180103,-371.4469607180103,8.52,,8.52,8.52,191.99731938093095,,191.99731938093095,191.99731938093095,3.7171162171162173,1.6306075456932536,17.86,7.834743135546946,7.834743135546946,11.079999999999998,3,0.0,7.834743135546946,,,,,,,,,0.9999730294365419,,2.4116954569052735,1.2866867631760415,6.58087870529406,1,3,2,43
260.7338496971673,163.76404220251032,111.06966874990869,879.766272230101,1.2585714285714287,0.6703880263102153,0.7,3.82,0.6442857142857144,0.2797012767807903,0.24,1.62,441.0897045830935,256.8814493739708,142.98758864968028,1134.6018916006585,-17.441307012914553,176.02743438838752,-377.1775279690029,438.27281811914,0.6142857142857144,0.6108853839968283,0.2,3.18,574.550326804902,331.55494978544823,81.55428659286136,1313.8008100211048,59.2112102196773,23.575933915140045,1.2351724137931033,0.7162333054132928,0.7162333054132928,0.8232166873221863,30,0.5820591526149701,0.8073467703174652,,,,,,,,,0.9917761000368721,0.005028657281145879,2.58119093660734,1.0982702584314956,5.000466877705618,28,30,29,44
170.07316678845226,67.05142761288455,99.70946448756553,315.1874088679466,3.1555555555555554,2.0801388842521495,1.26,7.08,1.5044444444444443,1.4777949038272455,0.32,5.02,180.53248762542404,111.35151656843776,62.78633642787781,389.285461521678,30.22905934813656,261.0098208039211,-172.7630320206128,704.7297209112193,1.651111111111111,1.5596509581028415,0.32,5.08,198.6827684685271,146.04516689134022,45.23997018890955,451.76065040138724,26.957421148564595,16.141957975218634,3.4400000000000004,2.7919248636817655,2.7919248636817655,3.093721240045895,11,2.0896015332836146,3.1087433847293933,,,,,,,,,0.9952962516132335,0.004616224577245368,2.4203124177201936,1.208440800599509,6.641607251577339,9,11,10,45
612.7668136694559,131.0704845843354,310.94694402931657,921.9001096189849,1.1958620689655173,0.2554759877083686,0.4,1.36,0.847586206896552,0.21983200034204353,0.24,1.02,787.9275619520326,304.9115840079252,525.8860610888491,1915.2333767528603,-1.9244733696384604,91.77930433759182,-151.109617799955,212.93921741804505,0.3482758620689655,0.08409471554304711,0.14,0.62,1750.0443129223788,497.11679323413,747.5642705632797,2709.458041141699,53.81171473607843,20.34142219975896,1.194,0.2271957988926793,0.2271957988926793,0.2513137892946887,31,0.17767289481104057,0.2612030036506694,,,,,,,,,0.9922359076515984,0.006330356549309785,3.1326631472123783,-0.22265329713782048,-0.5392865916636556,29,31,30,46
,,,,,,,,,,,,,,,,,,,,,,,,,,,,,,,,,,2,,,,,,,,,,,,,2.4487119786963145,-1.2594927317919054,6.5670856352083575,0,2,1,47
531.6435102228963,283.5502165323614,279.10258229701776,1084.2380869494164,3.776666666666667,3.3251385936027793,0.6,8.38,1.42,1.147588776522322,0.28,3.0,868.9464808374606,995.650017500789,160.39688875493275,2464.1774703395827,-115.83641622050565,441.0928342560616,-653.7891529288028,514.7697261504404,2.356666666666667,2.717216713231881,0.32,5.9,844.2287413204494,815.2602450705285,77.2789282639386,2237.9431012105883,31.2175219564578,29.786164168697347,4.371428571428572,3.529586512947509,3.529586512947509,4.701871967631616,8,3.2380412460484673,3.297215137718359,,,,,,,,,0.9965136270833402,0.0026582884107722313,2.8467394040706475,-0.5672499842636431,1.6427659234704617,6,8,7,48
314.7898241513449,141.02033344609973,192.2705623982014,762.4228531181154,2.275714285714286,4.696808596165165,0.58,18.52,1.167142857142857,2.482500069165476,0.28,9.76,603.0602395637173,315.7450657495448,78.11709560636429,1187.5795852364204,-44.5773786264196,132.90831160226713,-282.173136302361,221.28732877099236,1.1085714285714285,2.221859433145882,0.3,8.76,648.1022769792645,379.3707642886156,165.49600147663105,1582.1758093021492,57.83688637462824,25.719849407945297,2.3986666666666663,3.8117447573569367,3.8117447573569367,2.7297985273642444,16,1.834958988586916,4.873855621714208,,,,,,,,,0.9910003481437196,0.008798533003876398,2.487855845929722,1.1884361923210605,5.810780391440138,14,16,15,49
359.20893792753446,103.41994476551787,247.76762077294413,452.0955701694637,6.94,2.567411147440161,5.14,9.88,3.32,1.5531902652283138,1.6,4.62,117.90575442329549,32.037521103526544,97.85618401936443,154.85476298309007,-184.6863885679368,628.0202468233159,-873.5700759416148,355.9412837937892,3.6199999999999997,4.037177231680571,1.18,8.28,189.94770883310971,93.66678531277427,84.84771410690709,264.6101461846763,11.80005686665869,7.3415498719206855,7.334999999999999,5.572656458099674,5.572656458099674,7.5635000716158745,5,4.760620874540537,4.890627657968749,,,,,,,,,0.9957339692303092,0.003139467855510544,2.635473982294337,-1.0674460466907965,4.222344955215715,3,5,4,50
1604.014336474146,,1604.014336474146,1604.014336474146,18.78,,18.78,18.78,10.4,,10.4,10.4,154.23214773789863,,154.23214773789863,154.23214773789863,16.107819745590483,,16.107819745590483,16.107819745590483,8.38,,8.38,8.38,386.93542679043816,,386.93542679043816,386.93542679043816,4.040696145959304,1.052164777726447,15.37,4.002224381515859,4.002224381515859,5.66,3,0.0,4.002224381515859,,,,,,,,,0.999665263002948,,2.356544963462797,1.2836554512055542,6.349148493741552,1,3,2,51
645.4483136413434,564.3945387069724,303.12441787259553,1296.8726461776248,5.14,1.5588457268119895,3.34,6.04,2.2,2.407737527223431,0.78,4.98,350.8312743340487,85.840229742226,260.41619401157124,431.2152267612946,-247.34339922629752,584.3016623713678,-905.994996357786,208.63936853991518,2.94,2.0959961832026317,1.06,5.2,192.27734730958392,46.86287314632602,154.5515863613029,244.73641953492609,13.239411370937713,12.40469924389804,7.300000000000001,4.2914177921366115,4.2914177921366115,6.447842016261461,5,4.537728261782296,2.6520599959695903,,,,,,,,,0.9958809477832778,0.0028367909822732988,2.919054652224221,-0.7335548284412212,0.7547049594681416,3,5,4,52
371.1363664645429,239.06240660898445,107.11734463484493,916.8564065948478,2.2600000000000002,3.3986402509761984,0.86,11.64,0.97,1.1434159348198714,0.52,4.22,553.5370769953308,407.70149315116066,93.75219731865528,1348.3182449924232,6.502538185651801,81.99601506249556,-164.79326734781694,107.55509715848447,1.29,2.3064017188878627,0.24,7.42,792.2171793945728,542.6861018689991,30.967025181504354,1830.2284057987035,54.0803390563334,24.194449658750464,2.9345454545454546,4.945802995745713,4.945802995745713,3.6271145556764535,12,2.3120402245635776,6.255314216761075,,,,,,,,,0.9926649055668019,0.0061675580459019975,2.6996568039695754,-0.9756036024371071,2.6538223660130846,10,12,11,53
103.06859240417526,34.47299053162364,54.82798777854219,202.40631644188306,0.7718181818181816,0.17032489784093316,0.56,1.44,0.4318181818181819,0.17027027389818084,0.26,1.1,267.0701342616108,112.09867215875518,91.94070792475307,558.310007574956,-5.142938067955303,36.45202518678745,-132.94665930197263,85.38771371488721,0.34,0.0798836363020438,0.24,0.64,306.8820991538945,105.89780969454776,81.30213647267362,702.1981899237288,80.49076491717575,16.162808273319758,0.7791111111111112,0.17979561909697536,0.17979561909697536,0.29528106795206,46,0.20864057234812233,0.14030434455537055,,,,,,,,,0.9904817100587643,0.00851116950260407,2.4626659287034713,1.6912663679737978,8.219207087984405,44,46,45,54
404.03858045890365,,404.03858045890365,404.03858045890365,12.7,,12.7,12.7,6.38,,6.38,6.38,63.32893110641123,,63.32893110641123,63.32893110641123,110.46546655108163,,110.46546655108163,110.46546655108163,6.32,,6.32,6.32,94.1808495552481,,94.1808495552481,94.1808495552481,4.665749887741356,1.200605081437644,13.3,3.42239682094289,3.42239682094289,4.84,3,0.0,3.42239682094289,,,,,,,,,0.9998503698383774,,2.551406220809457,-1.1705014301499141,5.604242663666694,1,3,2,55
1193.3189915741827,629.9268287773074,404.44641806712275,2739.832624602611,2.0586666666666664,1.4942645905818241,0.84,5.52,0.9986666666666665,0.786619046177706,0.3,3.0,1620.5869357964054,1136.1217201049644,461.06680196560404,5073.764119634464,-14.909505421667063,1586.441984920725,-2014.889282966261,3900.0697559498094,1.06,1.0724071721399213,0.32,3.28,1830.3066149269293,1009.8961352416204,315.1585748299687,3452.0814342697768,44.95521004331901,25.72439598975164,2.15625,1.7733015348026218,1.7733015348026218,2.0687451913337873,17,1.4429321998393874,1.9529640400341903,,,,,,,,,0.9959139129110188,0.0032382871832647786,3.135565421189803,-0.09063841370062699,-0.9149064085291978,15,17,16,56
519.6108094837668,265.88286580273143,144.49421453999452,902.3658279165276,2.357333333333334,5.392899388040148,0.48,21.68,1.036,1.7877072307447723,0.22,7.24,1177.6071816183792,793.0129844718662,63.3746554999976,2501.1578217677625,33.05968631433457,158.05000364478173,-160.25094175696532,416.95042056019554,1.3213333333333332,3.6362340539682116,0.18,14.44,1549.5094832572954,1172.1260542583016,11.660982297749102,3302.816081688748,76.91283242013827,44.18411745119087,2.2375,4.241099700156394,4.241099700156394,4.882316390130133,17,3.4523143927902433,4.6697979435231805,,,,,,,,,0.9920960224456528,0.0076247153375716,2.3235567662299004,0.9053728249602038,4.161194077747781,15,17,16,57
232.86773018014077,200.67077629334037,90.97206347715112,374.76339688313044,11.450000000000001,7.056925676241746,6.46,16.44,4.92,3.167838379715733,2.68,7.16,43.143028176415186,13.00825931279168,33.944799804907134,52.341256547923244,-103.38406414685448,411.4937986956591,-394.35411962076716,187.5859913270582,6.529999999999999,3.889087296526011,3.78,9.28,58.47351437569876,28.7637750457697,38.13445398831061,78.81257476308691,5.297546140694608,0.7312133038723662,11.479999999999999,1.676544064437317,1.676544064437317,1.8022763384120646,4,0.5727564927611039,1.8492385820475763,,,,,,,,,0.999245251601161,0.0009311143101250294,2.410179701230791,1.2857145507395424,6.560754488163154,2,4,3,58
868.4233785597028,,868.4233785597028,868.4233785597028,18.88,,18.88,18.88,10.0,,10.0,10.0,86.84233785597027,,86.84233785597027,86.84233785597027,-440.7344622218225,,-440.7344622218225,-440.7344622218225,8.88,,8.88,8.88,176.11643563124676,,176.11643563124676,176.11643563124676,3.9847227234452065,1.2971705056050584,15.899999999999999,5.176021638285527,5.176021638285527,7.3199999999999985,3,0.0,5.176021638285527,,,,,,,,,0.999885591544994,,2.4761005091267365,1.341262679845553,6.588284848781459,1,3,2,59
249.76852296860437,149.09641508952865,125.58354030181371,543.8586777220232,3.745,6.795702423485847,1.16,20.56,2.4225,4.235205341623272,0.7,12.9,200.69606481623526,111.92350087708016,42.15958742031188,429.26020704572244,-24.728240893768138,125.63287477145734,-199.59562411454672,138.26916016653155,1.3225,2.561393315031043,0.34,7.66,427.88746298183156,175.29005557699625,130.22504031438245,692.9461870996038,36.72322896088364,18.823602405618413,3.8311111111111114,4.989379832314945,4.989379832314945,4.235416154287557,10,2.8474632350567757,6.012303643389,,,,,,,,,0.9945898299751113,0.004211609268175475,2.510411832957995,1.2504876601110058,5.9386661505611045,8,10,9,60
464.21472080114467,,464.21472080114467,464.21472080114467,4.08,,4.08,4.08,0.38,,0.38,0.38,1221.6176863188018,,1221.6176863188018,1221.6176863188018,-930.2310468022351,,-930.2310468022351,-930.2310468022351,3.7,,3.7,3.7,120.87648570966401,,120.87648570966401,120.87648570966401,9.92190550566185,7.504553812046217,8.47,6.406387437550121,6.406387437550121,9.06,3,0.0,6.406387437550121,,,,,,,,,0.995315589654355,,2.6018280742348328,-1.0119008291032272,5.026680716443828,1,3,2,61
337.6810210882693,74.40540511320103,285.06845457579266,390.293587600746,4.5600000000000005,1.8950461735799475,3.22,5.9,1.37,0.24041630560342622,1.2,1.54,255.177021211066,99.090599874199,185.10938608817705,325.244656333955,-243.72163502822374,7.614648936868263,-249.10600492783823,-238.33726512860926,3.19,2.135462479183374,1.68,4.7,145.39914419491407,75.38373605643346,92.09479323823314,198.70349515159504,8.20020172812051,1.231602298581391,7.420000000000001,1.030145620774073,1.030145620774073,1.7747675904185314,4,1.2515790027001892,,,,,,,,,,0.9956098959564652,0.005937972214640949,2.55593591211036,-1.2122907714299118,5.942989708182944,2,4,3,62
490.70790040589503,194.62562900561113,144.77214448712388,860.6606249526901,1.2637037037037033,0.7320999729342779,0.5,2.94,0.6614814814814814,0.4075414438925549,0.2,1.7,942.099089936525,535.9362298768813,269.82451906185287,2136.9806913013404,21.740625959788403,332.86197639229704,-598.4166421120515,772.0150136407725,0.6022222222222223,0.4111646996720539,0.22,1.48,1148.3660140555912,647.5843028597842,188.2188730003401,2555.9496669181153,60.54501287228647,29.583486177742284,1.2778571428571428,0.7017932434939487,0.7017932434939487,0.666622220740642,29,0.4711763290520704,0.8531358778791857,,,,,,,,,0.9916725376548863,0.00849871418628048,3.085748847118283,0.11817687992976904,-0.1917678213152012,27,29,28,63
,,,,,,,,,,,,,,,,,,,,,,,,,,,,,,,,,,2,,,,,,,,,,,,,2.405301452240117,-0.8112440550292249,4.569601643223342,0,2,1,64
,,,,,,,,,,,,,,,,,,,,,,,,,,,,,,,,,,2,,,,,,,,,,,,,2.5326568634537954,-1.1621634955545637,5.490278374641727,0,2,1,65
262.8362003154225,179.56892784703192,107.37196816738947,539.4101356644721,5.256,4.996506779741223,0.92,12.7,2.3080000000000003,2.373082383736393,0.28,5.28,220.59054085279368,154.13485660661027,78.08331388891902,390.77693751588674,37.071969907633104,646.2587377516945,-617.9086427534139,1100.0813955424474,2.948,2.8690974190501093,0.34,7.42,217.82793396822845,197.76719165992552,52.00509700698378,509.54493562313655,25.480395636835777,26.556014342901875,5.4433333333333325,4.7246827053958524,4.7246827053958524,4.542052399521609,7,2.7302542006194224,5.454364287227045,,,,,,,,,0.9919355612304214,0.009954068479030711,3.066795021995873,-0.32579826449941496,-0.30276188491866174,5,7,6,66
423.62424951599945,199.6096412710515,110.62920893278164,833.1053534962223,1.1116129032258062,0.48196194022760447,0.48,2.74,0.6225806451612903,0.44436447309189403,0.22,2.08,946.3772780727248,675.5113881411146,122.19054735424129,2520.220180256357,1.3709188319369332,163.84006547011893,-537.7463189554721,326.56435666201673,0.48903225806451617,0.21712292737386774,0.26,1.34,971.1593592723038,573.675770379352,245.62662665333406,2836.649666523134,62.4833999712188,22.799844890962518,1.115625,0.4804227808785682,0.4804227808785682,0.5624829746527388,33,0.3977187812112973,0.5375932382590021,,,,,,,,,0.9935628716852277,0.005359640175942897,2.7675093805118545,0.5013886599358865,1.875314014660562,31,33,32,67
,,,,,,,,,,,,,,,,,,,,,,,,,,,,,,,,,,2,,,,,,,,,,,,,2.5883792355655446,-0.9380110265369498,4.282422556075146,0,2,1,68
586.9258520704923,,586.9258520704923,586.9258520704923,18.88,,18.88,18.88,10.52,,10.52,10.52,55.79143080517988,,55.79143080517988,55.79143080517988,12.670579492180709,,12.670579492180709,12.670579492180709,8.36,,8.36,8.36,139.1207452392767,,139.1207452392767,139.1207452392767,3.9957446808510637,1.1373887799511273,15.65,4.45477272147525,4.45477272147525,6.300000000000001,3,0.0,4.45477272147525,,,,,,,,,0.9988237438248766,,2.4247611762539707,1.1345528733840393,5.86301956028664,1,3,2,69
2512.8439148478737,1006.2328950948332,1801.3298112733455,3224.3580184224024,11.34,14.11385135248349,1.36,21.32,6.93,8.216580797387683,1.12,12.74,930.7097575218487,958.300003824031,253.08932640678196,1608.3301886369154,-2815.9780919553587,1233.887951328529,-3688.468629564138,-1943.4875543465791,4.41,5.897270555095806,0.24,8.58,1870.2206429282421,1736.2795439384943,642.4856033738466,3097.9556824826377,10.049309399380476,9.879328001534141,11.62,9.90062624281919,9.90062624281919,10.176050314341023,4,2.0364675298172576,11.249414799594392,,,,,,,,,0.997015407413932,0.003562867493454643,2.5304880145304067,1.047117429581037,4.924831720669677,2,4,3,70
476.61593454837373,223.97556346679443,142.53909938255862,923.2108323193205,2.46,3.6487623472441535,0.88,12.82,1.7046153846153849,3.0182572658865454,0.54,11.4,674.0293500356407,470.7946271889034,48.501584481828644,1489.0497295472912,-66.86056070321223,385.36873305991713,-454.8549138209222,974.2538198808244,0.7553846153846154,1.1587681345910363,0.28,4.48,1203.141056634958,662.2353820766839,86.7040012673639,1916.9276716525126,50.80340632640507,23.195017624674417,2.4771428571428573,3.991389633798135,3.991389633798135,5.109339864028802,15,3.609906815824324,4.068792295048835,,,,,,,,,0.9912427395607956,0.006443604798836276,2.617587222770497,0.7502317401799693,4.0623263870476825,13,15,14,71
804.2101884350018,708.8573928575603,420.59120448470026,2644.34032984053,3.584444444444445,2.936695043374061,0.58,10.58,1.0222222222222221,0.7234946056775023,0.32,2.74,976.7543131298589,658.83099822658,177.381825629367,2203.6169415337754,132.06928505237778,834.8720011244361,-1744.2094048810945,1250.7028317258569,2.5622222222222226,2.2822235745965913,0.26,7.84,518.9247619333216,381.180088311666,237.73493108924762,1270.970236200115,28.595032636705213,24.75931240170719,3.3659999999999997,2.3973883938801217,2.3973883938801217,3.1848879275590076,11,2.2423378452734726,2.3059421041418884,,,,,,,,,0.9971848892155353,0.003954855777602612,2.8150809966259054,-0.9800841277914344,1.8996259796508914,9,11,10,72
204.4219981220296,39.687847161594476,159.52213945723568,283.3801420680198,2.9057142857142857,3.076962014405644,0.7,8.42,1.022857142857143,1.5134696812921216,0.32,4.44,399.103975758469,193.76758812715315,63.82435632162607,664.2535774788381,-54.725971617813414,131.13958470950084,-228.1485349702838,159.39606897288218,1.8828571428571428,2.786597173888578,0.32,8.08,255.57853305125195,153.92373754391633,43.69645881777553,424.19618384121094,45.94507111018089,28.651457151632446,2.8775000000000004,3.9964046341680666,3.9964046341680666,5.632918553340837,9,3.9769827553982044,3.4832880534439443,,,,,,,,,0.9919514656873555,0.0038891969183091806,2.7275105072405634,-0.6936576271223783,2.7853886159114793,7,9,8,73
553.4585244083165,257.8150999669523,350.10886767438,1153.7293070913067,3.64,2.1833133405118796,1.22,7.2,1.625,1.5840905457526273,0.32,5.26,523.3017250327591,346.06254125192874,219.34017245081878,1206.4769400581877,-16.777950078166214,905.2367402677257,-1320.4017399165962,1599.3846703338918,2.015,1.9128662114369481,0.34,5.74,621.3067747308745,440.95282406935286,168.82912668046447,1391.9266317646839,18.92325931105278,8.934339179946582,3.791111111111111,1.5729943137567632,1.5729943137567632,2.5897007549135864,10,1.820651497404157,1.0411548557452803,,,,,,,,,0.9963395846141709,0.0026402778235007527,2.6182474265437583,0.7546433707293656,4.223318356167699,8,10,9,74
132.32771187145462,102.36056096321788,47.50417289708577,478.2194369581539,1.7284210526315789,0.7917720151512102,0.94,3.72,1.0199999999999998,0.5602380446441197,0.38,2.08,159.25859185210302,184.4005996193624,45.27321245733441,885.5915499225072,0.5344577870116458,114.48098933405791,-189.10581642771064,339.5798220151422,0.7084210526315791,0.576707736089518,0.26,2.5,217.6538219362573,145.1284022162323,23.155693694008853,591.0359482551144,44.001029995230255,18.56696863374304,1.698,0.914696383333951,0.914696383333951,1.1202537306577611,21,0.7918840397494904,0.9811175605349378,,,,,,,,,0.9964247736680263,0.002902743992378723,2.385393727064765,2.690793248956622,12.372948569989966,19,21,20,75
327.9897256394714,298.19199480331065,106.22802630610649,1389.4902586528829,1.8357894736842106,1.6727034531276797,0.66,7.9,0.9494736842105262,0.7685879815480574,0.28,3.28,570.5023566230797,880.1853918205394,77.41114565583975,4086.7360548614197,19.200955689314114,142.0697711886319,-326.05794672223294,229.98454142990443,0.8863157894736842,1.3582186476178428,0.24,6.34,652.1989684119325,857.9373086760388,50.556032886097064,3978.5822238902697,47.877299722734946,24.23283738345018,1.7670000000000001,1.409102364515868,1.409102364515868,1.9027791309168363,21,1.345154842851386,1.4011211399281156,,,,,,,,,0.9924361520165238,0.00721423537693031,2.1558119706425645,1.3945904603051662,12.386340088637736,19,21,20,76
150.7364323898267,58.31364328246748,109.50245978910058,191.97040499055282,5.279999999999999,6.70337228564847,0.54,10.02,0.72,0.6222539674441617,0.28,1.16,390.0036307419788,418.04854142957174,94.39867223198327,685.6085892519743,-155.91547213484213,163.2470968862871,-271.3486013521531,-40.482342917531206,4.56,6.081118318204308,0.26,8.86,365.8419197507046,376.24214075031347,99.79855065801446,631.8852888433947,14.491669795136339,7.996807737409532,5.326666666666667,3.388765753682797,3.388765753682797,5.77026862459626,4,4.044650788387052,,,,,,,,,,0.9893410865449688,0.011542202476186933,2.3641626488670986,1.7801026820780954,9.269725670032168,2,4,3,77
2698.687799329869,2119.2610738297044,869.8912622711865,6219.396457438099,4.97,2.7811005016000414,2.08,8.76,2.703333333333333,2.0320400258525093,0.42,5.46,1454.8481621189346,1014.3998825458458,177.52882903493602,2714.059925721697,-754.8594991391474,3340.7226572377945,-5629.543880124836,3628.9861840920144,2.2666666666666666,1.9672383349931613,0.28,5.18,1480.316645990392,882.3060282670424,418.5266083889554,2812.4670079855287,19.85460624857449,14.223066046700273,4.474285714285714,2.61573990260791,2.61573990260791,4.319290065122586,8,3.0204856121712176,1.61430257049775,,,,,,,,,0.9960774429486605,0.0026544222620006014,2.856595872888296,-0.18693656538806006,0.5883722892538796,6,8,7,78
918.6656616690077,586.5023041013054,557.3367443468767,1786.692047146473,6.505,3.7093889883195943,3.68,11.94,4.84,2.46992577486315,3.26,8.52,241.59857440629088,212.67281487613147,66.4829715929779,548.065045136955,-153.21270033593515,866.3093270640754,-1231.4532715445578,730.7230064475706,1.665,1.2760747104565102,0.42,3.42,522.2982427168006,388.3310303678496,210.96827163429114,1080.0579351827923,12.957806852189117,7.444266267467204,5.672,2.4760694659076106,2.4760694659076106,2.7921855239220763,6,1.9209730607168856,2.4737288654984,,,,,,,,,0.9983778167470173,0.0006754081051398889,2.5014661846245,-2.0213760451496454,7.34052537160435,4,6,5,79
,,,,,,,,,,,,,,,,,,,,,,,,,,,,,,,,,,2,,,,,,,,,,,,,2.3075216607688858,-1.0003531691528842,6.6889752467202275,0,2,1,80
2565.1357827427887,2251.51010273596,1197.4343759715975,5163.75602556627,6.766666666666667,5.257616697072289,1.68,12.18,2.64,1.9212495933636524,0.76,4.6,1073.101899954608,528.9332972357056,521.1784948009761,1575.5715473310495,-398.3365863873255,1767.0688495365137,-1989.4204165349188,1503.492589340071,4.126666666666666,4.779553675117932,0.92,9.62,764.0473273355674,460.825405438961,272.9501312977399,1187.0155193423507,14.40541538191229,8.838420881726785,5.58,3.4680638210198307,3.4680638210198307,4.930706507861391,5,3.4576549535455063,2.4669459301375505,,,,,,,,,0.9984199532818625,0.0013673005890637111,2.6110118331133267,-0.48571886918798884,2.99013376233699,3,5,4,81
1340.2162247304045,830.6189103821285,420.41779596607347,2810.386373887123,4.214285714285714,2.7016467641228075,2.2,9.7,1.7742857142857145,1.6373846742377223,0.36,4.94,1273.3808494648615,981.8789702404321,236.47233334584215,2893.3399505983925,6.800790028148389,912.7924410332723,-1187.5693020741342,1186.3809160000487,2.4400000000000004,3.0860546549491525,0.34,9.24,856.8612412881258,538.2310432601917,157.63241918524602,1831.1266638909758,26.81622381707965,16.877857334828818,3.9775,4.326099364818811,4.326099364818811,6.709328261032225,9,4.742862306365519,3.202615281743524,,,,,,,,,0.9972354377193008,0.0024254682317097513,2.9453681816093398,-0.29440140515075913,0.8013605420968246,7,9,8,82
108.93040714667669,39.66276651828067,50.21378911672222,167.3918955280546,2.1357142857142857,1.4641811273289835,0.58,6.4,1.1442857142857144,1.247130332376719,0.28,5.04,188.7161306662158,150.63069732785743,19.929310442407466,519.5392121431086,-16.484309058479298,160.78844215016474,-381.766414790576,212.4638529406974,0.9914285714285714,0.5448338793099746,0.26,2.32,142.83721836127918,78.43692217714283,54.53459073079044,314.08557220353435,35.64499311495679,24.23809810434999,2.284,1.2895669261976508,1.2895669261976508,1.943450539633052,16,1.3739949944952343,1.1028927517073945,,,,,,,,,0.9913053701151716,0.006376492520530749,2.55322159731495,1.283004017704612,5.752147174115553,14,16,15,83
248.01878071988762,135.40080673888826,78.79373615251927,507.8637311565393,1.5310000000000001,0.9227299314077707,0.5,3.88,0.708,0.45144912868392345,0.26,1.94,507.8638059369206,482.07208117954485,106.47802182772875,1953.3220429097664,7.832476287599531,124.20921611466858,-260.8529162244686,242.02640875648146,0.8230000000000001,0.77685668935105,0.18,3.24,529.09013854615,473.8510973711743,56.02890488181874,1625.9909405905305,52.04804955396966,28.253847907463367,1.5733333333333337,0.9672503984663605,0.9672503984663605,1.1049524876663248,22,0.7805190580632864,1.0829748124700058,,,,,,,,,0.9932861857043414,0.004124228162068918,2.8176720962408495,0.040475376494444014,1.4070090409834366,20,22,21,84
337.09284508081583,167.36782817475603,148.46970783645236,712.6685554652533,1.2264285714285716,0.6776441450360117,0.66,3.42,0.692857142857143,0.5918011248963383,0.24,2.8,640.2133018886368,327.0102817051997,162.9144698864187,1299.0777875861281,0.5163027931401396,259.8612961180922,-479.907117197219,877.9774973226768,0.5335714285714286,0.391769152413853,0.24,2.0,764.7078341308662,344.22180017456515,261.0161927735817,1338.547579189146,60.255577719287736,23.832838920507022,1.2241379310344827,0.6714032067318805,0.6714032067318805,0.7510944395632664,30,0.5308877816777231,0.767225040745152,,,,,,,,,0.990981793980891,0.005941448494641408,2.8297032891616136,0.24418383894434711,1.5610122619582203,28,30,29,85
290.4240887198408,174.76437845970452,110.94493045466857,535.7149449853126,5.46,7.5116442940277715,0.78,20.5,1.58,1.639365731006965,0.44,4.74,266.03103582268324,147.9705006303752,113.02003058761869,477.27436876095953,97.47028489546419,270.99400362655837,-286.4252307847436,511.3324784843976,3.8800000000000003,7.3375636283442205,0.3,18.8,503.425996547646,683.8688781990816,19.42655655506676,1839.7970798195115,44.4903586901204,31.420029784332435,4.819999999999999,8.33168250315225,8.33168250315225,12.411000496871045,8,8.775821582304669,6.479615165919401,,,,,,,,,0.9944355744985168,0.005009266773973284,2.696442026157309,-0.595654048441363,2.9302870158955736,6,8,7,86
486.13079153523313,336.18870604963956,196.26856130069663,1377.054835252061,1.4458333333333335,0.8328782815538283,0.56,4.38,0.6808333333333333,0.45425444571217505,0.22,1.96,841.2540705621195,618.5953335532621,272.9292243611026,3008.1654815834377,-6.470034301536496,349.0772072574643,-601.1834237315561,944.0423753963303,0.765,0.5539188450996425,0.26,2.42,837.6639185629756,502.07506288143935,254.21087806616686,2128.8245751200066,56.5533107441168,31.334155291721668,1.4128,0.7699108173461824,0.7699108173461824,1.0763750895172803,26,0.7610936484209199,0.7475565385529935,,,,,,,,,0.9926692071632176,0.005463719856698118,2.859001846784447,0.28681132172769225,0.6950256576776965,24,26,25,87
1162.055694621921,1096.8600260436797,468.59475448966595,3871.921428523221,2.9266666666666667,1.9495384069055939,0.72,6.78,1.44,1.1686316785026838,0.28,3.42,1246.6064380732798,1187.1561527913223,305.61649020801036,3545.082880682203,155.15636008267427,1454.8629066966769,-2160.8515547164325,2819.3879772553705,1.4866666666666668,1.909214498164101,0.3,6.5,1140.486155343154,1199.529372934903,397.40005326804726,4243.655348215112,32.68839756527764,22.334955252170076,2.71,1.7989688404441275,1.7989688404441275,2.618948050055382,11,1.8510590895718104,1.5488383540297481,,,,,,,,,0.9942054052187999,0.006432531627487111,2.7794050027679753,-1.1944633338866801,2.4865034219805606,9,11,10,88
656.7483096860892,29.312264240069723,613.6418871887498,679.2727070031015,5.58,4.626877997094801,0.66,11.7,1.9749999999999999,1.4478835128098761,0.36,3.88,682.4982966136706,784.2040770414515,172.01791436122397,1851.8031578637685,-462.8486536273385,764.7507093720236,-1449.5445741864764,376.80341770985154,3.605,4.306874349997532,0.3,9.94,445.6730791923627,504.60636004787256,126.12088060488236,1196.4858942768021,11.342558708300553,4.037666807454395,6.0,2.611551263138444,2.611551263138444,3.9101023004519977,6,2.763446670373793,1.8098846648336464,,,,,,,,,0.9977659661399035,0.0026029552599151555,2.795379794405891,-0.8373148691478911,2.5475373687422636,4,6,5,89
,,,,,,,,,,,,,,,,,,,,,,,,,,,,,,,,,,2,,,,,,,,,,,,,2.5232872178815247,-1.1009890172466699,5.269779247985362,0,2,1,90
423.47203238443717,180.08941539059597,255.71403944399975,743.1901953013378,3.505,1.3458401518329413,1.96,5.6,1.6825,1.4066551003812455,0.38,4.0,388.56502363004927,227.87234419213885,138.5046382073693,743.4966688337903,-121.115256406806,539.2335365831799,-848.3811460849553,712.5999693440582,1.8225,1.617526771692777,0.32,5.22,353.72105218565935,275.4034269961377,122.3872159615307,821.770177559544,23.776806493222054,18.242695894835975,3.5266666666666664,1.5784486054350961,1.5784486054350961,2.448775204056101,10,1.7142746279403425,1.2208996000217762,,,,,,,,,0.9938039743126702,0.0053399136079143325,2.632262775647497,-0.96740674951202,4.239193564589194,8,10,9,91
242.0080084467865,143.41837451775328,86.5959702790267,765.7666994996442,1.4278260869565216,0.7350878520269727,0.52,3.08,0.6965217391304348,0.4542587237932723,0.26,1.7,418.59187068762407,186.25973685384878,115.75738844218212,706.4478329358668,-2.54352870076021,213.85386996872447,-462.8832322545336,629.7998304993223,0.731304347826087,0.6218981526367194,0.24,2.16,439.7634706612941,237.92602468999382,114.62886483196485,865.1983376525976,52.461314008593995,25.39386301759399,1.4158333333333335,0.6671934512937573,0.6671934512937573,0.947408364273639,25,0.6695324667314957,0.6363370860664571,,,,,,,,,0.9948899404001131,0.004984949920346491,2.9185531794855155,0.064997693104861,0.750513892966854,23,25,24,92
242.0080084467865,143.41837451775328,86.5959702790267,765.7666994996442,1.4278260869565216,0.7350878520269727,0.52,3.08,0.6965217391304348,0.4542587237932723,0.26,1.7,418.59187068762407,186.25973685384878,115.75738844218212,706.4478329358668,-2.54352870076021,213.85386996872447,-462.8832322545336,629.7998304993223,0.731304347826087,0.6218981526367194,0.24,2.16,439.7634706612941,237.92602468999382,114.62886483196485,865.1983376525976,52.461314008593995,25.39386301759399,1.4158333333333335,0.6671934512937573,0.6671934512937573,0.947408364273639,25,0.6695324667314957,0.6363370860664571,,,,,,,,,0.9948899404001131,0.004984949920346491,2.9185531794855155,0.064997693104861,0.750513892966854,23,25,24,93
445.3468450181534,225.93361268001016,218.82285285260195,1189.5048290785562,1.5352380952380953,0.9422081460463979,0.58,3.86,0.7085714285714286,0.4796069819579956,0.28,2.18,913.2162575666831,761.8643799726786,221.81469712769677,2832.1543549489434,-38.4136730643498,559.5506726696145,-1621.2128868086033,760.960850822081,0.8266666666666667,0.871741551913945,0.26,3.02,869.7756946871702,593.7665719913771,159.7938333825478,2212.2499526716524,54.04253223523079,30.136636346784112,1.6163636363636362,1.099205537582855,1.099205537582855,1.3656465414559054,23,0.9590074233785879,1.1776965758270161,,,,,,,,,0.9933123519815297,0.004542674129797976,2.64311871657373,1.463065733649478,5.571618032294678,21,23,22,94
202.13805859488522,122.77746757935384,84.62318706627666,450.2523190484535,3.8575,3.154741329672348,0.56,10.44,2.025,1.3504602390084859,0.24,3.5,163.25209073180267,141.5764726216316,65.38818496783992,405.4109392678062,-53.57126942082671,341.1285881474823,-530.6573396308277,668.1792575540252,1.8325,2.4029253005451503,0.26,7.02,286.21699696626763,223.503942188412,43.49324421510539,673.3498835906071,24.618544252779216,19.080816044209957,3.8777777777777778,2.8953487604163413,2.8953487604163413,2.54011810749028,10,1.6700261973993105,3.4805463110633634,,,,,,,,,0.9941054853713625,0.007002034566490429,2.4591219557827557,1.4394727127826856,6.73313873865337,8,10,9,95
,,,,,,,,,,,,,,,,,,,,,,,,,,,,,,,,,,2,,,,,,,,,,,,,2.318187762717653,-1.296568752601897,6.443721104245032,0,2,1,96
413.04945686738375,477.9174641450153,137.41290148209646,1257.8285152285212,6.372,5.166848168854974,0.48,14.12,1.7759999999999998,1.434810091963393,0.22,4.04,320.9376286458256,281.32251849364127,78.80260120975396,639.3345627430774,-84.86144801364233,444.8985648095706,-700.7457227111325,419.28688337610095,4.596,4.870388074886846,0.26,12.08,237.56371758679984,215.59325672452732,60.83561513900778,475.5072569408201,38.65109661125395,53.36284972146971,5.963333333333334,6.055231347080528,6.055231347080528,7.340828291139903,7,4.7130660933197195,6.236723427498698,,,,,,,,,0.9902127925048598,0.008464839832027577,2.725492688295071,1.1180895113908824,3.11636744415583,5,7,6,97
525.5915462426523,205.3439692466941,378.1257123717803,760.1240794293826,6.646666666666666,2.5073757862221875,4.38,9.34,3.0399999999999996,2.5216661158844955,0.26,5.18,581.8474752305299,758.0459522244353,84.6573063565239,1454.3296629683857,-347.16431993008763,924.9380139356915,-1318.6480548088496,522.8623953407035,3.606666666666667,0.9239769116884542,2.54,4.16,175.55538483522352,81.98118261782749,93.79364034315847,257.7542574760995,9.289953898264907,3.2256889790813474,7.045,2.3214004393899823,2.3214004393899823,3.7918860742379907,5,2.5338508243383235,1.2895541865311446,,,,,,,,,0.9985996328451251,0.0016702466292305325,2.5660490614928686,-1.0984344941105333,5.346776406832346,3,5,4,98
227.42219299755126,87.8886244353544,66.29401205921485,375.5443396875942,2.5599999999999996,4.205036662543304,0.92,15.76,1.538461538461538,2.1815508480354295,0.3,7.1,324.24670258343764,209.8305327340477,29.0812262294628,738.9436367756505,7.257719203561597,110.93471067180704,-186.67582619756155,151.41882299909747,1.0215384615384617,2.2978172474250647,0.28,8.66,560.6677354970723,346.4747733884514,23.73639792639293,1242.633525109186,53.126774635845614,24.28272123406122,2.438571428571429,3.826285318773202,3.826285318773202,4.384805933781228,15,3.100488604365257,4.1924211267473,,,,,,,,,0.9956263675702772,0.0027628014942271796,2.868791807392793,-0.25749879234324985,0.68242218511703,13,15,14,99
246.9403809638788,79.70740596985782,138.82529428752426,424.34558119299845,2.4699999999999998,1.2716131487209466,0.66,4.8,0.7859999999999999,0.46648091541288633,0.32,1.72,419.41494658381845,221.7904477996582,115.68774523960356,684.4283567629008,-59.907016975755894,238.49039179487607,-620.6291830847364,205.37826144258813,1.684,1.0342060830522235,0.28,3.14,249.8893780562979,226.38607515140404,64.54858295254337,759.7639867789005,31.872346116964,20.708086166457566,2.7654545454545456,1.9143895300401308,1.9143895300401308,2.0660396898414124,12,1.3966538583342687,2.1708959912807146,,,,,,,,,0.9951335449272248,0.003944893623185168,2.8083574722775673,-0.465606830307133,1.7010607926344372,10,12,11,100
579.6136543384113,393.9659650945865,170.67666524770178,1213.5170433033609,1.7144444444444449,0.7453954514785874,0.66,3.0,0.8055555555555557,0.4565242371276331,0.34,1.86,758.1974495689129,503.94158222627374,218.81623749705355,2568.0651276931317,-32.36899322080146,440.9255264410605,-785.9921630445482,848.4001177880789,0.9088888888888891,0.55587650859742,0.3,2.22,789.0788013656723,575.6189085740235,261.5205179671805,2797.1620080701105,39.76138647964369,16.17574043432123,1.7526315789473683,0.7141493938421751,0.7141493938421751,1.0927844150507353,20,0.7724020573973149,0.6080531060145447,,,,,,,,,0.995338844663466,0.003304311753917257,2.9994438517375657,0.14134525728813707,0.03600739573769962,18,20,19,101
2115.3631386083193,1464.5468203782918,824.6654496135925,3707.0058041770867,7.113333333333333,4.977562991397831,2.76,12.54,4.126666666666666,6.266046068561364,0.36,11.36,2205.288163012216,2497.993121086188,326.32093346629284,5040.050450095217,-209.05542486444514,6303.572455016385,-5601.6367383644465,6721.036807137902,2.986666666666667,2.1605863401709575,1.18,5.38,931.6146837294463,366.9629073848205,527.9386427913288,1245.0144175042617,25.186665289632362,25.2342372683846,6.625,6.203813343420319,6.203813343420319,11.078585950682815,5,7.552862591980164,0.8277781506337728,,,,,,,,,0.9955141760773341,0.0023936173128313856,2.4209354224851185,1.1025747452348147,6.074271731289215,3,5,4,102
235.81193149290655,124.88285758975907,92.21170547250367,506.5301304021411,1.2915384615384617,0.7476934789481171,0.46,3.54,0.6484615384615384,0.42637722554275626,0.2,1.64,454.19090368886543,276.67083704973567,146.684399568309,1407.0281400059475,-7.034601096903627,155.6015084010017,-195.03728810674292,413.28383663803254,0.643076923076923,0.5634377994474224,0.22,2.7,475.99029148852617,240.4320737759002,97.86060498495644,992.4788819294205,57.309714185032604,27.72566061691152,1.3096296296296297,0.6569245447917573,0.6569245447917573,1.002727050827661,28,0.7087794743044314,0.5733800796937792,,,,,,,,,0.9922816620528526,0.00766181249867231,3.1410150368142427,-0.45154317875272093,0.019258685470598724,26,28,27,103
481.50926000651236,403.2381599564062,235.68567500995607,1721.5804071790976,2.2085714285714286,1.6194911695812508,0.5,6.8,0.8857142857142858,0.5983787620371757,0.18,2.0,755.3350568621664,621.7253525038442,138.942707428496,2391.083898859858,17.640810528415376,345.70753232467973,-913.0551682261374,320.1977945704309,1.3228571428571425,1.44215345695477,0.2,5.66,605.026597878977,577.3852799807207,140.351478135316,2400.1947781743465,44.91009954345615,38.14888851098654,2.374666666666667,2.2904954756142883,2.2904954756142883,2.426107994298688,16,1.6558504812713406,2.6554438978793318,,,,,,,,,0.9930905295018297,0.008361773028557944,2.4459720947713897,1.0683293013349437,5.082149224428253,14,16,15,104
652.2157828022937,157.68151400113385,514.0518925003895,928.5962171318627,3.4166666666666665,4.363510818901068,0.84,12.2,1.7800000000000002,2.0386269889315214,0.56,5.82,638.2548824336841,335.35792761966985,159.5526146274678,975.3866644214352,-128.21810547640868,693.98214564648,-959.5680686671678,1043.9442110905193,1.6366666666666665,2.3660064806899124,0.26,6.38,1066.609250669655,718.4439423518705,226.467836672213,1996.7453889257126,26.20002118412065,20.526911786111558,4.248571428571429,3.3411346803714683,3.3411346803714683,4.25129000030187,8,2.8465495682394932,3.3217521262443137,,,,,,,,,0.9921301486610513,0.009026378514886807,2.669071076566192,-1.0028068068562732,4.249763738124853,6,8,7,105
,,,,,,,,,,,,,,,,,,,,,,,,,,,,,,,,,,1,,,,,,,,,,,,,2.3254308531776084,-1.2584605579526298,6.148785535361334,0,1,0,106
240.8438262351861,97.27452431636779,106.83792060289397,489.4781758253274,2.115,2.757897750098796,0.56,11.22,1.1800000000000002,2.4647055266975273,0.24,10.22,502.4512664754743,284.97779200244275,47.8941463625565,986.915559111715,-71.30722788565318,326.6416902449633,-388.6919032784191,1064.6354877055,0.935,0.9448950559012713,0.26,3.2,514.4811436886848,375.94066103130774,76.31039702009537,1398.414623208248,57.17025973203976,34.97983962680779,2.0988235294117645,2.6796032410436745,2.6796032410436745,3.692201240452638,18,2.6103112841191947,2.5888383488622444,,,,,,,,,0.9925511864205921,0.008325697921865181,2.5054589987074736,1.3254296648958528,5.939831135450245,16,18,17,107
,,,,,,,,,,,,,,,,,,,,,,,,,,,,,,,,,,2,,,,,,,,,,,,,2.5282904745603405,-1.2151445113970194,4.957845237816498,0,2,1,108
,,,,,,,,,,,,,,,,,,,,,,,,,,,,,,,,,,1,,,,,,,,,,,,,2.40447738506773,-1.2917255798796086,6.5762539347564335,0,1,0,109
884.7128002627203,371.7098886236627,621.8742173828321,1147.5513831426085,9.889999999999999,9.206530291048848,3.38,16.4,1.94,0.537401153701776,1.56,2.32,446.6357678534814,67.8800575745996,398.63731883514873,494.63421687181403,30.254678164767043,338.72589140011735,-209.26069660771398,269.77005293724807,7.95,9.743931444750624,1.06,14.84,585.4449083731033,698.5661184773727,91.48406889058796,1079.4057478556188,13.62794306659991,10.364567775237818,10.360000000000001,12.347777127888243,12.347777127888243,15.56692005503979,4,8.209509729575817,11.657361765568286,,,,,,,,,0.9941274621717373,0.0028509491130292008,2.5519066517387845,-1.324005476155907,4.977782372603974,2,4,3,110
,,,,,,,,,,,,,,,,,,,,,,,,,,,,,,,,,,2,,,,,,,,,,,,,2.4252845357336428,-1.1737260975720312,6.411057427310292,0,2,1,111
160.71333774095942,91.01367336084006,58.10966308511398,333.6390320909737,4.457142857142856,3.166900242012233,1.48,8.44,2.188571428571428,2.090226690827485,0.52,5.6,108.86817819528653,61.7107166972738,35.55939767261226,208.58924130481128,38.25824617520694,228.73668652858981,-359.70976723173357,358.02096668980874,2.2685714285714287,2.1372211597572877,0.32,6.44,132.5687127535398,138.13703250576893,28.349134029749305,428.51744393881575,25.19177848627935,15.828830537737641,4.0275,3.649312068243626,3.649312068243626,5.596641850252702,9,3.957217121531086,2.7651437852417775,,,,,,,,,0.9967461580586521,0.004670097747616633,2.7841346651382453,-0.4907419017997862,2.1205596250865346,7,9,8,112
877.7660246175566,746.2060611809579,277.59042265047106,2932.6742139657063,1.7322222222222223,1.507957541747253,0.46,5.32,0.7988888888888889,0.7693074722944686,0.18,2.72,1897.418664475913,2078.4071766313537,173.4956972412657,7331.685534914265,-10.00120795820198,583.0823554348217,-1367.0521072533993,1232.4803477409928,0.9333333333333333,1.0811758305061152,0.24,4.62,1591.6681718696727,1362.1478322863438,116.05790775718503,4989.555787897471,53.81558777102726,33.21073954225251,1.7347368421052631,1.4180870072861955,1.4180870072861955,1.721930441232875,20,1.2114833780571,1.5305451357287678,,,,,,,,,0.9907201359488143,0.009275580156278277,2.4933636566519084,-0.3368161851143513,3.7292024988421684,18,20,19,113
278.80454160613897,121.16399687317805,137.40979007013422,412.11163083417694,4.960000000000001,1.3979270367225893,3.24,6.42,3.4,0.7468600939935137,2.62,4.4,81.95670726678256,31.51687293428402,40.89577085420662,117.12929194946116,-118.6200473552969,321.66026676695503,-408.48804340640686,329.26825450988235,1.56,1.333041634758645,0.48,3.4,316.52721679834576,239.48174569026787,52.42805808973559,568.8659210352928,11.465692722474179,3.611038327029344,5.5633333333333335,1.2802135238571206,1.2802135238571206,1.9589997447677217,7,1.3843872290656252,0.902801073203714,,,,,,,,,0.996920044905076,0.002885243836609551,2.7314495020168095,-0.8016297814722851,2.4623057291905335,5,7,6,114
1179.8282512439177,1293.9598695258394,382.6149498660166,2672.816169144135,10.266666666666666,6.863128538307681,2.58,15.78,2.3666666666666667,1.4098699703636977,0.82,3.58,562.3723031513479,442.1904948145314,106.87568432011638,989.9319144978277,-223.1683544699525,2721.268153251062,-2040.0018675913664,2905.527067280694,7.8999999999999995,5.457801755285731,1.76,12.2,255.45746443954854,164.09791270980233,96.62970739869063,424.36118959489784,9.435954845759554,5.808828585429551,8.835,5.39365985826569,5.39365985826569,9.068222905656139,5,5.957676653789722,2.8536711248651088,,,,,,,,,0.9975021425729395,0.0041271986049462705,2.5670594722220312,0.9367870091647175,2.565999076921731,3,5,4,115
,,,,,,,,,,,,,,,,,,,,,,,,,,,,,,,,,,2,,,,,,,,,,,,,2.4425162315330895,-1.165211958126742,5.815238472982056,0,2,1,116
,,,,,,,,,,,,,,,,,,,,,,,,,,,,,,,,,,2,,,,,,,,,,,,,2.373587409081358,-1.2219445233882675,6.118611446509119,0,2,1,117
3632.0630872404076,1458.1159264592036,1821.2779419545245,5970.953495220368,2.6457142857142855,1.3189750710666361,1.2,5.18,1.102857142857143,0.5194135887618615,0.4,1.92,4883.572852099702,4490.252403069875,1237.330725867495,12310.764359876648,-455.56958058082597,2807.7791490813975,-4500.79549331265,4290.036482686192,1.542857142857143,1.424847527348269,0.32,4.6,3260.1886340825213,1957.5954032242523,1193.1940105965552,6507.433799804404,23.828897999337855,11.525174134845633,3.705,3.056491920019233,3.056491920019233,3.478825746056932,9,2.4464835238875122,3.21923412745127,,,,,,,,,0.9960056933759865,0.0033963953484579383,2.797660186947289,-0.1660062310974339,1.4658438663633602,7,9,8,118
5768.028620764462,,5768.028620764462,5768.028620764462,12.12,,12.12,12.12,9.46,,9.46,9.46,609.7281840131566,,609.7281840131566,609.7281840131566,5919.751897519844,,5919.751897519844,5919.751897519844,2.66,,2.66,2.66,3217.3164879082456,,3217.3164879082456,3217.3164879082456,11.28665149283706,11.587879236475219,11.239999999999998,11.539982668964454,11.539982668964454,16.32,3,0.0,11.539982668964454,,,,,,,,,0.999876137941884,,2.5499796622172273,-0.25470599184917064,2.9465534701434484,1,3,2,119
,,,,,,,,,,,,,,,,,,,,,,,,,,,,,,,,,,1,,,,,,,,,,,,,2.4351037432548566,-1.5203070538144932,7.529848880278047,0,1,0,120
382.6492725336468,77.9639856498509,296.1960555899767,484.27525039898825,6.12,5.285401277733477,1.74,13.42,2.76,2.465603374429878,0.62,5.24,302.89251359310543,253.03837333523774,85.76842905029605,584.6007819972326,-151.82793604814637,444.3225273897005,-510.3035861111917,450.2417394233033,3.3600000000000003,3.718888722902762,1.12,8.9,233.78511766668487,141.7027301936933,63.97742737967366,363.8541859047723,13.576464211715834,11.572201790830885,6.244,2.892832521941082,2.892832521941082,3.115477491493078,6,1.9346963586051433,3.1058844151062672,,,,,,,,,0.9951505630866843,0.002978271441086192,2.478461416851639,-1.4067506321190923,7.4127711775055065,4,6,5,121
238.28094676298952,146.28853968479947,122.36036252221243,578.1048011197468,1.8733333333333335,1.3913131857897347,0.62,4.8,1.144,0.965910377386462,0.28,2.72,406.36446847574194,364.6403621964099,53.78634384148334,1387.3697535329081,16.32217107173294,167.9678613502824,-471.23594812377826,230.66196686883333,0.7293333333333333,0.5253497701078595,0.28,2.08,604.7528835453356,609.7979326891842,53.45461370801294,1866.0486025640341,51.28103772463406,32.50547462186283,2.05875,1.8575750321319462,1.8575750321319462,1.3301729210895852,17,0.8866295731589376,2.384058488166765,,,,,,,,,0.9945096726178172,0.00779435156606939,2.6760962895008626,-0.49086440051722047,2.452476768911496,15,17,16,122
,,,,,,,,,,,,,,,,,,,,,,,,,,,,,,,,,,2,,,,,,,,,,,,,2.4780978587861537,-1.1432896096469773,5.753778516879565,0,2,1,123
2718.718957825032,,2718.718957825032,2718.718957825032,8.6,,8.6,8.6,8.24,,8.24,8.24,329.9416210952708,,329.9416210952708,329.9416210952708,-36.224644959838855,,-36.224644959838855,-36.224644959838855,0.36,,0.36,0.36,1778.9700074810753,,1778.9700074810753,1778.9700074810753,17.55830059719794,20.303288558105073,10.309999999999999,11.921820330805192,11.921820330805192,16.86,3,0.0,11.921820330805192,,,,,,,,,0.998037454582209,,2.476662853036197,-0.6094399061460477,4.210343529654269,1,3,2,124
274.55581132251126,148.5601268709502,128.4478270222802,477.23558864932954,4.786666666666666,2.4336200744295864,2.24,9.0,3.276666666666667,2.702692484665369,0.78,7.76,122.04153633875895,80.94292376413972,42.79267611098606,256.49792266174575,-17.61393773498237,592.3843590122393,-720.5308895294376,680.5626418478581,1.51,1.227143023449182,0.4,3.88,164.71811033558222,84.68288226166672,69.3214105051554,269.25074548361937,19.057906860164042,12.149868723517084,4.474285714285714,2.57085496247751,2.57085496247751,3.683539964038217,8,2.535473876374548,2.2139540714263903,,,,,,,,,0.9976889827947916,0.0018025413332400423,3.012496659675787,-0.35878957162730096,-0.2461985643487954,6,8,7,125
1269.6670866941438,700.5783505370379,573.9451176002846,3005.3058091542703,2.235,3.4328797876365607,0.5,12.86,1.3683333333333332,2.537206170478693,0.26,9.3,2309.8623988324757,1475.4338463909305,157.55829345821877,4471.5711835514985,-51.81828254343005,491.1217981457229,-860.8219533264124,646.8877655251065,0.8666666666666666,0.9661670600257432,0.2,3.56,2129.0303050414864,1220.376991054245,443.6553527455487,3803.819122421148,58.75961380973134,40.1247624316131,2.284615384615385,2.8132561661552002,2.8132561661552002,3.3279022421539577,14,2.3418179073341956,3.021110362730916,,,,,,,,,0.9937887333029632,0.0065420501359284115,2.6819309063345185,-0.8199326951678931,2.6201299119372825,12,14,13,126
150.26874954417946,47.0473751759584,78.44984690251906,255.29118680384187,1.9775,0.984706386019034,0.54,3.94,1.025,0.7389181280764466,0.24,2.58,227.43775858332012,150.80137990558654,68.03559949470294,486.4412601136589,29.04669381680854,161.18985013097566,-212.2849669789438,348.76428685897366,0.9525000000000001,0.6571808477631303,0.24,2.24,259.64089904420587,189.5884457531292,42.58665245337061,629.9390847944853,43.030787877045675,30.50828352900863,1.921176470588235,0.9277788149186016,0.9277788149186016,1.4419778084284098,18,1.0188903277585866,0.7629823620340687,,,,,,,,,0.9894576606836836,0.004762256122595152,2.647875231451948,0.3506729668052866,2.022751435673186,16,18,17,127
,,,,,,,,,,,,,,,,,,,,,,,,,,,,,,,,,,2,,,,,,,,,,,,,2.470116780377317,0.6913967764273,4.905507555572022,0,2,1,128
376.09551908200547,190.3500226819134,199.21478022114172,667.7952505867191,2.4650000000000003,1.0219169661544356,0.64,3.5,0.86,0.7269505780017945,0.34,2.22,577.1555591986644,385.8045844169787,300.808671435459,1500.070922184829,44.56963173908787,1025.2408157050336,-1874.139469381029,1529.7857036420085,1.6050000000000002,1.1504905785918333,0.28,3.14,390.11183326953,214.94045278408873,157.40076074416794,837.2302987628973,32.647114348117846,29.21006785093733,3.4155555555555557,2.4902364903313456,2.4902364903313456,3.3152073841616607,10,2.3431389203374176,2.3524867326215664,,,,,,,,,0.992985262271181,0.006456927375624894,2.57818629915916,1.1908795517432644,5.415690283541913,8,10,9,129
,,,,,,,,,,,,,,,,,,,,,,,,,,,,,,,,,,1,,,,,,,,,,,,,2.1895627977979157,-2.7798036236901886,8.414159519903825,0,1,0,130
220.13912132241438,155.99798579535195,88.03503083434545,796.8092024460622,1.546,1.5962864800266239,0.46,7.12,0.8539999999999999,1.4468273821310578,0.22,6.6,493.5788284732539,264.8290854274677,41.804865118875874,861.9730521649726,2.3040432334949514,244.87646665798678,-674.9421387355897,451.4744804826409,0.6920000000000002,0.6479571135905767,0.18,2.52,462.34550108000474,237.65711075080472,82.03851696326639,853.6493845200897,69.0964385811673,39.31861994420512,1.6704761904761904,1.939150525850111,1.939150525850111,2.3423108248052817,22,1.6449758356887798,2.111051813852747,,,,,,,,,0.9907449379207443,0.0088176652950595,2.8934756970110382,0.6688905165302519,1.3079854737532317,20,22,21,131
7353.080423233411,,7353.080423233411,7353.080423233411,7.52,,7.52,7.52,4.38,,4.38,4.38,1678.7854847564865,,1678.7854847564865,1678.7854847564865,-9072.66331644554,,-9072.66331644554,-9072.66331644554,3.14,,3.14,3.14,514.2548182330804,,514.2548182330804,514.2548182330804,10.43143001273151,1.1975072202947843,5.79,0.6646803743153543,0.6646803743153543,0.9399999999999995,3,0.0,0.6646803743153543,,,,,,,,,0.9998223758507928,,2.5300268355952555,-1.382956177889186,4.010952862471451,1,3,2,132
1247.1804368461014,1097.4376190717473,471.17485447124966,2023.1860192209533,8.99,2.559726547895303,7.18,10.8,3.37,3.6062445840513924,0.82,5.92,458.1789381005871,164.6491676498258,341.75439513867457,574.6034810624997,-424.9302221773763,1375.7327070349618,-1397.7201484219238,547.8597040671712,5.62,6.165971131946695,1.26,9.98,380.2345388590601,339.8240357980792,139.94265873605823,620.526418982062,16.13591041570793,13.177544675552038,7.333333333333333,7.492885514495289,7.492885514495289,12.89282746336117,4,9.086322138247137,,,,,,,,,,0.9977595831539565,0.002774400818432753,2.6625974928078024,-0.5671433573098406,2.985177550876048,2,4,3,133
262.2702545441314,,262.2702545441314,262.2702545441314,6.92,,6.92,6.92,2.34,,2.34,2.34,112.0813053607399,,112.0813053607399,112.0813053607399,230.02712576950321,,230.02712576950321,230.02712576950321,4.58,,4.58,4.58,172.34868220889115,,172.34868220889115,172.34868220889115,6.558055768315151,3.3901076556773218,10.56,5.458864350760146,5.458864350760146,7.72,3,0.0,5.458864350760146,,,,,,,,,0.9995534200759142,,2.8077228346650687,-1.0127577599211637,2.1571513436713214,1,3,2,134
240.44492495866558,142.56105353003235,58.76681933076544,586.6169782446076,1.658095238095238,0.9963112919545729,0.54,4.56,0.939047619047619,0.9465828266026421,0.24,3.9,405.4750953396531,322.4718148868262,89.06338137393531,1222.118704676266,3.2734710062601162,154.48284847809924,-369.83558720239535,261.2553537204257,0.719047619047619,0.5678547768743762,0.22,1.98,491.34666577924844,458.1629264539025,96.45997240366476,1896.4090439307408,58.42129474300159,34.124975255420026,1.6109090909090908,1.33644485426255,1.33644485426255,2.055626425204735,23,1.4534849824144411,1.138937993484777,,,,,,,,,0.9916704872701734,0.009057276714694218,2.771506851754867,0.8825250408654914,2.2411691417416018,21,23,22,135
353.7562540678429,189.22322053644766,154.06353513869493,832.2811952630202,1.7899999999999998,1.0408798053717676,0.54,4.52,0.8114285714285714,0.49444385452215434,0.26,1.58,605.0231277545208,385.4219359528436,116.53277136160058,1299.2819392616755,-23.108541459807554,199.9651244256907,-506.85161593866746,280.1272760611041,0.9785714285714285,1.0745865547903826,0.24,4.24,573.2062835177422,493.94526754329644,133.83824038339574,1721.7530340687101,52.048236341216075,37.70577098653804,1.8666666666666667,1.407787862806988,1.407787862806988,1.908424930220132,16,1.345443178636235,1.3745061285806146,,,,,,,,,0.9919199727703036,0.007721778895914619,2.9501299753367913,-0.6332035869495999,0.8859584214172802,14,16,15,136
374.32050875620365,225.63061643358293,103.88682341192029,874.0653454853226,0.9462857142857144,0.3828614072257181,0.44,1.72,0.49657142857142855,0.2914259350679896,0.22,1.38,905.5474276905485,618.4471791693991,173.14470568653383,2390.519332076538,14.151220614939598,121.04628635114202,-158.8154022467512,420.39615105080975,0.44971428571428584,0.25009981200789927,0.2,1.28,953.1649888014333,632.4614205049392,224.51567893869628,2418.1162412621707,74.32827505125265,31.056256550505445,0.9733333333333335,0.4684564318818011,0.4684564318818011,0.6482944657219544,37,0.4577503106921671,0.4660212057110014,,,,,,,,,0.9897684426939636,0.008938340615604678,2.875356871284043,0.8236325953139148,1.44755215292174,35,37,36,137
206.3094854792777,124.34204500541786,108.27369720105519,490.21632136490916,3.5844444444444443,3.0714455518172183,0.86,9.54,1.4888888888888887,1.7667798705869135,0.36,5.64,267.1049234466378,232.91594459278494,40.77211099042339,774.5963585741346,-65.6827569250464,553.842553345785,-588.0182773517266,1268.5647712767202,2.0955555555555554,2.116737531622137,0.36,6.74,210.7175005816344,135.90107683823177,28.538617332718797,468.7966372828926,29.324096309491296,24.96437866368087,3.5780000000000003,2.7452010652935583,2.7452010652935583,3.221035030338333,11,2.267419265036087,2.9023855492582666,,,,,,,,,0.9961398878144101,0.003015141579915729,2.5595355503968573,1.1298116885497616,5.26051337965049,9,11,10,138
,,,,,,,,,,,,,,,,,,,,,,,,,,,,,,,,,,1,,,,,,,,,,,,,2.360483150275541,-1.367004667459716,7.228936540016047,0,1,0,139
422.41699581661203,194.10255335493886,285.1657640937111,559.6682275395129,9.34,6.675088014401009,4.62,14.06,6.6499999999999995,3.3799704140716966,4.26,9.04,64.42526118562095,3.556830582150624,61.91020216145055,66.94032020979135,56.672545220190614,855.0097543956863,-547.9106500936437,661.2557405340249,2.69,3.295117600329311,0.36,5.02,285.75652635921176,160.30276216485822,172.40535618950622,399.10769652891736,6.014452027298273,0.3615173978711868,10.0,0.5999999999999996,0.5999999999999996,0.9486832980505133,4,0.6363961030678924,0.273861278752583,,,,,,,,,0.9981949418964566,0.0009914926990639745,2.825468880587305,0.8510401741034597,2.0459249305896563,2,4,3,140
211.79253016282647,82.44072248050297,115.77322038383244,306.83946291470943,3.185714285714286,3.9940241075172005,0.62,11.82,1.337142857142857,1.9040808306171797,0.22,5.0,470.62951140766654,298.8957734360099,61.367892582941884,803.1146806442873,1.768843522267409,89.29024121317696,-167.60410913680872,103.46756294525136,1.8485714285714288,2.4337586060209326,0.28,6.82,358.19326751296757,366.1798463821569,61.5691606291753,1109.4634794126998,61.86654177215857,47.471770789888076,3.9275,5.476004147968792,5.476004147968792,4.384374853629974,9,2.6978827677590864,6.7229469781806666,,,,,,,,,0.9925413213693598,0.004705256436244553,2.7346898986885577,-0.6412719828169243,2.741966192058187,7,9,8,141
523.7226011026353,286.5278040057809,334.2883987314111,947.2866592967393,7.145,4.094333482591112,2.72,12.28,2.3649999999999998,1.3364006385312253,0.94,3.96,247.74017690000298,95.12580420962531,125.608525502662,355.6259560972459,-268.80182634663436,731.5414518347137,-1135.504116787436,565.1322517234818,4.78,3.8623309024473813,1.4,9.38,188.17001434490084,65.18882316167003,103.40998024333447,259.00878719385906,12.780885972578197,7.480245122266967,6.724000000000001,4.530483417914693,4.530483417914693,6.302555037443148,6,4.097059921455872,4.006812698392577,,,,,,,,,0.9970550185582372,0.0027544303367090938,2.565677943390211,1.1781467866030815,5.618819023480798,4,6,5,142
567.2891786087206,,567.2891786087206,567.2891786087206,15.9,,15.9,15.9,6.7,,6.7,6.7,84.670026658018,,84.670026658018,84.670026658018,-688.4524810536616,,-688.4524810536616,-688.4524810536616,9.2,,9.2,9.2,110.70906592729368,,110.70906592729368,110.70906592729368,4.5497363704159195,1.4663355464010017,13.91,4.48305699272271,4.48305699272271,6.339999999999998,3,0.0,4.48305699272271,,,,,,,,,0.9995851660857247,,2.582515352811685,-0.9956163582579013,4.583620054319312,1,3,2,143
279.19792502407245,67.32700532426156,202.23926114185508,369.7518035772258,3.52,1.499386541222776,1.84,6.02,1.9900000000000002,1.5301111070768687,0.58,4.82,236.253198805598,200.6255625557577,58.68130187726207,586.2789933540511,-24.367497249871445,288.5295266140146,-452.6847221455386,287.6465437297373,1.53,0.6602726709473897,0.8,2.66,233.16822386057243,82.06625279874861,166.57055704306185,355.07578312439534,17.472550982762943,8.323359474940569,4.228571428571429,2.152854140990734,2.152854140990734,2.4727447637527544,8,1.730890907403853,2.224714687814343,,,,,,,,,0.9940529838136807,0.0025453484898517033,2.3977539713171425,-0.7798113414821818,5.6262996784729555,6,8,7,144
,,,,,,,,,,,,,,,,,,,,,,,,,,,,,,,,,,1,,,,,,,,,,,,,2.329624660189319,-1.351283144559057,7.069994857236702,0,1,0,145
84.98733808676828,46.38688276166804,33.74536003339543,202.30561246709672,1.563636363636364,1.1141964666223665,0.46,4.84,0.7381818181818182,0.5516005832694555,0.2,1.9,179.69006150303403,140.91157498457537,41.117904899054395,577.382994409864,-5.252195374316569,35.47830427544031,-65.75948200047651,86.31124245389367,0.8254545454545457,1.0205541317983755,0.24,4.54,203.72033439797485,173.22331817451808,16.700235666766854,590.293967854464,60.042015409008165,32.85265975269704,1.522608695652174,1.2791233410969913,1.2791233410969913,1.5502375184584987,24,1.0961352091298842,1.3887138534027867,,,,,,,,,0.9896941328255927,0.006561888758330628,2.5333491259195124,-0.9150853594046049,4.078790216654676,22,24,23,146
,,,,,,,,,,,,,,,,,,,,,,,,,,,,,,,,,,2,,,,,,,,,,,,,2.5166750592706304,-1.2864068787781489,5.845995261469037,0,2,1,147
279.39138612247353,173.60627807609816,97.41405858675921,682.3393307371776,1.485217391304348,1.0029631986596583,0.52,4.44,0.737391304347826,0.5796959813816546,0.24,2.04,485.73280498220896,339.8249623091426,122.22491587152088,1705.848326842944,44.31416626186612,292.79943095128556,-477.06307388809904,655.986054454876,0.7478260869565215,0.6136252670640663,0.26,2.8,458.19810351722845,255.81061592454108,87.04238917142025,1267.4221757563848,53.497564671336384,26.575972956569448,1.4683333333333335,0.9200173281291885,0.9200173281291885,1.0388455130576442,25,0.7345654425672288,1.0405485997125694,,,,,,,,,0.992518085705867,0.00786954579424876,3.001752680570603,0.38139747856720835,0.4960831376049324,23,25,24,148
,,,,,,,,,,,,,,,,,,,,,,,,,,,,,,,,,,2,,,,,,,,,,,,,2.525525274834134,-1.2020875682657377,5.761503844478984,0,2,1,149
403.7491661916163,195.92108120933625,255.90044136194763,805.0017242220748,3.184,3.64326837392532,0.86,10.92,1.6599999999999997,2.163762155752491,0.38,7.28,402.66908323821696,193.0167782289416,96.86343258120424,750.7154114033019,-177.7056680317326,765.269477500819,-879.5007238663937,1602.194718308849,1.524,2.1689280506482667,0.3,7.42,613.187366318427,397.14735196427057,72.25239714258937,1365.2420240886468,38.212072255743045,24.274884946665,3.1818181818181817,4.062801541256521,4.062801541256521,5.139603097516383,12,3.631711442281724,4.101491073352882,,,,,,,,,0.9950190309260616,0.005452420588617015,2.6744439804941513,1.0577505057544343,4.082869969373371,10,12,11,150
568.1109499479564,324.0119430477398,227.24141900948212,1694.5580812629369,1.5208695652173911,1.9542073795310053,0.62,8.32,0.908695652173913,1.5791001590313911,0.24,8.0,987.5439832795792,495.9597208551919,121.1172982076001,2353.552890642968,-90.9738530059901,501.8900592834023,-1465.745923435443,774.4120998751918,0.6121739130434781,1.042213363785062,0.2,5.32,1316.9499346389985,527.3376794384242,123.0496025028856,2522.175071919518,66.58746001136691,23.905807363235375,1.4916666666666665,2.560848478051021,2.560848478051021,3.51990859565119,25,2.4889238190305503,2.524807451570678,,,,,,,,,0.990780229940827,0.0070646690631644485,2.946789124768643,-0.26907245264416957,0.8480353643281489,23,25,24,151
202.19480924781493,80.84155556491878,123.62811073157762,351.24521456467755,2.8036363636363637,4.39867087363279,0.64,15.64,1.2254545454545456,1.7913590574553369,0.32,6.5,289.4621209274061,132.16988371031385,46.10853488194922,497.1360403490513,-7.726191143293888,226.8109165422939,-539.5936539140221,358.32826357625413,1.5781818181818184,2.707507407863617,0.24,9.14,384.12659240210104,255.53249296001624,36.68012877980757,779.5145643869384,51.05747945218698,31.8986142583112,2.6350000000000002,3.05532173577365,3.05532173577365,2.54529869652767,13,1.7997961317056108,3.7249005200538607,,,,,,,,,0.9929351111172284,0.0062111441289774095,2.796382146320306,-0.6434206609146973,2.487936422158726,11,13,12,152
310.6148804002363,84.37264831149736,190.89636266286877,414.25095850678747,3.7120000000000006,5.571742994790768,0.56,13.52,1.4320000000000002,1.5872995936495418,0.28,3.56,768.6951120629774,661.2977475390176,53.62257378170471,1479.4677089528122,-13.886272594352633,191.78864220670397,-350.43877399689063,122.00802390496729,2.2800000000000002,4.295579122772621,0.24,9.96,662.069792961551,705.140482884717,34.168514350855034,1870.4377061663365,50.87489813065582,47.03317445279238,5.033333333333333,5.934963072055854,5.934963072055854,5.523955104813941,7,3.662490955620232,6.729968135965511,,,,,,,,,0.9918394935322461,0.00970604007113174,2.4690404140308253,-0.9329002297476737,4.133263083173883,5,7,6,153
,,,,,,,,,,,,,,,,,,,,,,,,,,,,,,,,,,2,,,,,,,,,,,,,2.456322363142972,-1.228767776694354,6.368186041687435,0,2,1,154
127.41183016227565,68.49450169271896,59.677999632558155,304.70600924157054,1.707,0.8374968970877318,0.46,3.32,1.06,0.7298449727240206,0.22,2.92,166.23624149635666,109.77602551370741,48.67212742787646,462.8914957259821,-1.0513017135363012,89.58318108865129,-170.70331229954297,271.1058367087678,0.647,0.39053404730607433,0.24,1.52,254.13276745424247,238.54540363759207,55.64678795411153,1115.5711569278003,46.32782283599032,28.510086547427314,1.6761904761904762,0.7916721303069609,0.7916721303069609,0.9774763424247156,22,0.6856861526966983,0.8506668246060033,,,,,,,,,0.9891337164656928,0.01213761559779471,2.860560310102427,-0.22799622067590827,0.6897807739973398,20,22,21,155
188.9828133627171,109.56894926763411,124.40791981426487,456.33339787359404,3.8749999999999996,4.717817291926426,0.92,15.1,1.79,2.193627133311402,0.58,7.14,158.3891496484411,83.6010982148321,63.91224059854259,284.6172374692426,-23.664979916048303,154.4703202759905,-156.72218344577064,266.7914559366022,2.085,2.614394221011273,0.3,7.96,226.94346031767583,195.4452030022053,84.521459344888,594.4575579482176,30.688397822636862,22.899443243892243,3.9377777777777774,3.8533030563977766,3.8533030563977766,2.898085574996018,10,1.7962286881129583,4.813513080797885,,,,,,,,,0.9958680722516953,0.002184076409612893,2.4527598560025408,1.2170773658727259,6.196542598651927,8,10,9,156
387.33475035535093,119.53077082398345,255.09622208263892,487.6933764012988,6.0,5.858463962507578,2.4,12.76,2.48,1.5045265035884212,1.32,4.18,181.64454626409554,76.21502231336713,100.2905867421328,251.38833835118496,-48.41127659238194,237.7523377414908,-252.4907061181189,212.65630973670363,3.52,4.383012662541599,0.9,8.58,217.79928605882756,40.72661009066893,170.85275329026274,243.65458208921618,10.444960208583481,7.0449282966857565,7.970000000000001,4.612750444871982,4.612750444871982,6.534513498851055,5,4.617652121057964,3.2547640296784786,,,,,,,,,0.9998239901099278,0.0001440109527873556,2.4010683068558474,1.3792095396816675,6.894924790048545,3,5,4,157
121.35373202381692,68.19646927132312,37.3746824999033,270.73737914425476,1.1506666666666665,0.5833726751922133,0.5,2.88,0.6753333333333332,0.516878784785098,0.2,2.58,235.98171348786477,144.9183521068664,39.378990658218356,577.806559881243,1.1223559711432995,44.715346113980296,-99.69980299840742,93.09717235621957,0.4753333333333334,0.3541939205200074,0.26,2.02,307.21997003878903,166.21099203136532,59.89580999221591,701.4208809405245,68.78278173034889,28.67616604494193,1.1367741935483873,0.7752693600582712,0.7752693600582712,1.1709312533193397,32,0.827962559539983,0.6912208189887933,,,,,,,,,0.991095969253955,0.007507599694526103,2.988274357429428,-0.21510007788055474,0.2842398958407215,30,32,31,158
396.18893973148266,133.37377343585635,215.80366284899057,677.5710080977054,2.173333333333333,1.0900502391218139,0.88,4.68,1.084,0.749750434668573,0.32,3.22,519.438258808164,365.7079507353164,141.38669404357435,1348.930010923271,53.72649640157636,279.1453976744752,-305.65164363397355,668.3853611730385,1.089333333333333,0.7319588851320882,0.3,2.9,444.19089932965375,220.65849945440397,123.23710893679967,815.0066324851093,35.68601774605635,16.821929570847104,2.09625,1.0388767973152542,1.0388767973152542,1.252634556977147,17,0.8849025056154178,1.1138085250865857,,,,,,,,,0.9960475940276111,0.0030347081697320397,2.7178134498605853,-0.6171450529459229,3.004737565390002,15,17,16,159
568.9048691110901,161.80322992055457,354.0853530558619,881.0380935697906,1.3700000000000003,1.244458191534047,0.58,6.32,0.7609090909090909,0.705447572152798,0.28,3.18,1196.9074348975025,689.8527254438233,134.83524123051896,2936.7936452326353,29.375548012675164,350.9898301751054,-955.6666096678881,682.977272962863,0.6090909090909092,0.6518465280293331,0.28,3.14,1418.3597523671945,756.825385278554,292.38762063779814,2642.2056007315896,64.63175958962978,30.5277785070298,1.337391304347826,1.0891415192764702,1.0891415192764702,0.9656462744052438,24,0.6828150288594735,1.3427850777053116,,,,,,,,,0.9919705098111333,0.007906730196186202,2.539482732879974,-1.1208899275353075,5.966858292620216,22,24,23,160
187.899446005686,120.40387703535936,73.46757748099739,493.76068808544426,1.2984615384615386,1.0189865251619075,0.46,4.98,0.6846153846153847,0.38142082553768103,0.22,1.64,314.603670011605,182.54928184466186,64.28191469052422,909.2983369059883,6.574724264282567,123.40306036913788,-330.89246002561066,264.94667462066684,0.6138461538461539,0.7408269807347836,0.22,3.66,422.46082311645324,232.44997106002793,74.04035170757759,1033.3729632113216,59.11103411076707,27.72152976104918,1.291851851851852,0.7605313781876308,0.7605313781876308,1.0617329810629992,28,0.7506543496594966,0.7419494365551424,,,,,,,,,0.9906540564662406,0.009366837282516837,2.905041246422074,-0.30208613910919635,0.8870378089843358,26,28,27,161
1727.3262099458245,1020.8575325284149,573.8345551376962,3598.158790571633,3.016363636363636,2.4087643003302452,0.64,8.58,2.1454545454545455,1.7776184272017639,0.34,5.82,1424.069498732503,1293.7247775434212,209.42866975828326,4083.4097005153485,-9.498789627749664,2008.921302975606,-2773.0750504903526,4138.199662313697,0.8709090909090907,0.7570132699689556,0.28,2.76,2456.887661346547,1024.5502580684115,970.7567874971228,4127.211232755389,30.75129200823453,17.89689723585645,2.8083333333333336,1.8325036690194367,1.8325036690194367,2.403648741544253,13,1.6986071104591782,1.8086445188064546,,,,,,,,,0.9934474442057428,0.006243658344926014,2.897131792695554,0.2458961615169882,0.45295230100782957,11,13,12,162
422.7478164310838,119.71072236203581,309.5962098139479,587.1616538799171,7.28,2.4525904672407095,3.76,9.46,3.2,2.23970236117808,1.5,6.4,159.61209636817347,54.72530641889888,91.74400841873705,206.3974732092986,76.85192923634766,494.09427066857046,-462.7744128915264,621.219078862611,4.08,2.500186659698298,1.6,6.38,147.86433758676708,81.02473544107542,75.0263947083311,261.3556238437235,11.459482084529279,6.403179289937286,7.152000000000001,4.460260082102836,4.460260082102836,6.684339907575018,6,4.484880154474587,3.422882118916748,,,,,,,,,0.9986909661471007,0.0009988159907970973,2.41636208849317,1.2258828800482864,6.588262615927146,4,6,5,163
,,,,,,,,,,,,,,,,,,,,,,,,,,,,,,,,,,1,,,,,,,,,,,,,2.3758750378921714,-1.2278831944339028,5.9691614757794635,0,1,0,164
,,,,,,,,,,,,,,,,,,,,,,,,,,,,,,,,,,2,,,,,,,,,,,,,2.5205961442046503,-0.8692285153595448,4.754738425512157,0,2,1,165
89.62086223601803,50.607511077212784,35.41426882104276,192.6872686724837,1.4299999999999997,0.7704995556243956,0.56,3.8,0.7216666666666667,0.42927306265224774,0.24,1.82,140.43582923644996,66.7726247081381,39.3491875789364,325.45130512117845,-0.9257326546808464,64.4731025074087,-142.21471124861014,95.6934531675667,0.7083333333333334,0.5630017890670984,0.26,1.98,187.89713435486863,135.99016133477588,47.965322792932234,566.8144870914517,56.72936360481712,29.852872090384,1.4032,0.8022194213555291,0.8022194213555291,0.9682458365518543,26,0.6845304554542804,0.8758113812662836,,,,,,,,,0.9923625693318637,0.006022002507176354,3.1527976513479974,0.01270305651985176,-0.510347695771376,24,26,25,166
298.378800502168,181.15565886800331,124.15090870974072,704.8097163229985,2.7490909090909086,1.6688526270791832,1.1,7.08,1.1254545454545453,1.0932919430450738,0.36,4.06,373.3440147474143,216.23830983884466,88.6663166514353,860.1597839226475,-50.57043630115001,622.6877490202338,-930.9973969423713,1431.9346171834145,1.6236363636363635,0.9097612074305294,0.4,3.36,227.306241427871,119.80356083435937,105.04954091352886,522.5929003432534,28.369874013711712,18.909491268116895,2.8166666666666664,1.2967044475293608,1.2967044475293608,1.1390107350439918,13,0.7822894985260458,1.5718357372640162,,,,,,,,,0.996279073198405,0.0024311181288460917,2.6691368286554398,1.1370316157411307,4.028640993890525,11,13,12,167
59.24510169428574,34.46424713054887,27.293040687851537,145.6807274583145,1.658,1.1057724140070357,0.9,5.0,0.9289999999999999,0.9185910263464425,0.26,3.62,94.10077066719795,52.49916649915515,15.364372898460768,208.11532494044928,-6.189027673077489,44.0347452618881,-94.81377075699969,49.39178920148561,0.729,0.618911608347564,0.28,3.02,124.50533803695637,94.74140805780978,12.609840439555269,346.7370210729106,54.89780998956696,30.13101076614881,1.6304761904761902,1.2533254812317356,1.2533254812317356,1.910429271132538,22,1.3507618220841155,1.0805043570170736,,,,,,,,,0.9920289549004485,0.004651392793721903,2.468725871378186,0.7832134127907212,6.026960044836054,20,22,21,168
667.8047933416394,328.43489297314164,435.5662533420531,900.0433333412259,9.25,4.879036790187177,5.8,12.7,4.890000000000001,0.7212489168102788,4.38,5.4,133.05952071879028,47.539030221558136,99.44435007809432,166.67469135948627,99.61999571048985,260.359072047034,-84.48166967740477,283.72166109838446,4.36,5.6002857069974565,0.4,8.32,464.3263583213192,296.23536556943395,254.85632249989655,673.7963941427419,7.079121394433911,4.772812012415277,10.96,5.649814156235584,5.649814156235584,9.445051614469874,4,6.554879861599296,,,,,,,,,,0.9973557040869354,0.001595388579105751,2.3948558201079115,1.5671697978721577,7.990235943143187,2,4,3,169
464.3700120736513,288.08194751398,285.08289922499864,1155.5119913645003,3.9025,3.985422544366263,1.0,9.9,1.5350000000000001,1.7543334102404007,0.28,5.62,546.1898761771052,555.429229705678,157.18326673100336,1883.6886922842489,-105.45382140154625,1048.1090563510636,-1822.7208341533606,1850.9749953174212,2.3674999999999997,3.4922270831090008,0.34,8.36,650.1722923683719,343.9237563721406,78.64112764586547,1050.531638660761,34.43627925474432,23.432972226636736,3.973333333333333,4.347999540018375,4.347999540018375,6.225142568648528,10,4.385857954836203,3.7912157241004727,,,,,,,,,0.9917519564732464,0.006304469025656402,2.5035463813031433,0.8699792938491235,4.463259231009729,8,10,9,170
248.36943080975118,157.30691404381062,64.68887619736492,516.3078867452751,1.4452173913043476,1.254014896117185,0.52,6.56,0.6234782608695651,0.42291852531118024,0.22,1.78,449.06339956512943,300.73982756240775,161.24929032206128,1248.6933767164383,-11.305350391517928,211.81421547151243,-668.1350639451442,338.4761223754746,0.8217391304347825,1.246754521926696,0.26,6.26,451.2286434996394,343.6374607047892,49.348658004268934,1482.5693655727578,58.59531515326159,27.98263999539929,1.4641666666666666,1.4134137419018895,1.4134137419018895,1.7125978232929722,25,1.2100636612477096,1.537772592693373,,,,,,,,,0.9907391831698049,0.006605201594903002,3.0213454179863586,0.5795254767761977,0.5241658949712735,23,25,24,171
,,,,,,,,,,,,,,,,,,,,,,,,,,,,,,,,,,2,,,,,,,,,,,,,2.433904900305797,-1.1574432304028583,5.819258275912134,0,2,1,172
229.135297567153,93.97257729242361,104.67569350874295,467.10515625352923,1.131111111111111,0.6709656263884699,0.52,3.28,0.5614814814814816,0.4547840037077932,0.24,2.54,492.95683002120154,212.15047990479277,160.14275194780828,917.1697978783461,5.869856742759929,216.2679754511028,-783.7465525123063,607.5347711345605,0.5696296296296297,0.5031705742396179,0.26,2.16,529.2161968913558,260.59698024461335,183.0717457112332,1184.605141773291,64.07382760326934,23.24765965249064,1.262857142857143,1.1869252438092024,1.1869252438092024,1.1217908962078516,29,0.7788514634991626,1.452702825716956,,,,,,,,,0.9928131080230125,0.007470608700374356,2.7528037433899275,0.8228932477215731,3.109702640047928,27,29,28,173
240.8049065766228,174.14298971661603,126.43550011312283,441.2219735266732,9.433333333333332,1.0396794377755743,8.26,10.24,4.4799999999999995,4.7138943560499955,1.6,9.92,68.03431381138249,20.41564865872879,44.47802152486625,80.60273233857946,-51.8997356757694,503.7174506278528,-476.52104728249816,504.6547673697198,4.953333333333333,4.058686158516489,0.32,7.88,166.13408189181553,151.5980680510528,28.093957309026464,328.3778924488086,16.725251574268427,14.337045503136267,8.22,7.627074581165879,7.627074581165879,13.847839783398227,5,9.575784273073639,,,,,,,,,,0.9930302655859863,0.009332301847686426,2.4162442573952294,1.2110332414466591,6.031827130261689,3,5,4,174
,,,,,,,,,,,,,,,,,,,,,,,,,,,,,,,,,,1,,,,,,,,,,,,,2.3148168285299535,-0.9791243313599993,5.841853938773774,0,1,0,175
288.90708991133306,184.0955844858141,130.65546855012374,743.675932210903,1.6136842105263158,0.9454699626600508,0.6,4.5,0.7842105263157895,0.8458941080922973,0.22,3.52,505.69646695255466,213.35598505663557,92.57214817496083,880.3696818933594,-1.8309420635231242,259.37638534470386,-697.2408083158782,404.80841085066425,0.8294736842105263,0.49298944866115346,0.24,1.96,421.54628540704175,260.11784269852234,168.93293102150608,1233.6393794381736,47.352131650668824,23.79274532174746,1.672,1.0700791903799505,1.0700791903799505,1.5323871985617046,21,1.083388548916056,1.0009501746228744,,,,,,,,,0.9952482331609486,0.004168337099373489,3.14420577677004,-0.4525369618039355,-0.3927395991710241,19,21,20,176
790.1574418902653,,790.1574418902653,790.1574418902653,12.64,,12.64,12.64,3.64,,3.64,3.64,217.07622029952344,,217.07622029952344,217.07622029952344,370.41873073364695,,370.41873073364695,370.41873073364695,9.0,,9.0,9.0,300.6073895896191,,300.6073895896191,300.6073895896191,9.409618236269008,6.800092108203722,8.629999999999999,6.236681810065349,6.236681810065349,8.82,3,0.0,6.236681810065349,,,,,,,,,0.9985027901536977,,2.4595910252201607,1.190730364308244,6.020339579772632,1,3,2,177
773.4411963213867,288.1840466646623,428.4047564794938,1122.1031710445916,5.4799999999999995,5.791971454809954,1.06,13.96,1.37,0.8341862302068206,0.32,2.08,937.3062344617618,878.5624894578187,205.96382523052586,2207.275567763556,-517.3230233844233,395.08495818383994,-950.9755312332784,-31.578990137500806,4.11,5.879194956227709,0.74,12.88,483.03169683584895,364.7803139744836,133.67023371820534,807.6043723250195,15.93228904614613,10.870149214507888,5.84,4.524444717310622,4.524444717310622,6.59094075227505,6,4.611316243763813,3.389501807050705,,,,,,,,,0.9947711836238982,0.003207604457369792,2.7794723762063347,-0.8738446083588668,2.9168966485308205,4,6,5,178
555.8968546557211,412.93638523540324,237.33529447720332,1357.5794149246922,5.743333333333333,6.871860495285587,1.04,17.36,2.8800000000000003,3.684757793939786,0.68,10.18,358.7362201533087,227.80717045700857,50.4527179951595,692.6425586350471,-181.83579489246233,243.9344460519622,-631.9642979208842,44.880793319376096,2.8633333333333333,3.743226772006562,0.24,8.16,566.8273092154064,439.39021626854117,38.88439276652404,1072.846347469683,31.563052686173243,24.77109764362302,5.105714285714285,6.3433189450078284,6.3433189450078284,7.7432981775640455,8,5.4751357162276,6.245141712670567,,,,,,,,,0.9949339460743633,0.005488496643905833,2.521174307693488,1.2651034435296398,6.548732675457252,6,8,7,179
664.0546542156869,380.9659044263129,270.8292176782023,1049.9044487379697,5.640000000000001,4.865963419509029,0.64,10.84,2.09,1.3578905208692882,0.36,3.68,902.6327211315042,1350.8032242153063,73.59489610820715,2916.4012464943603,-219.7462156477337,1051.0419440742485,-1753.5526933695187,545.9680814497641,3.5500000000000003,4.0484564959994325,0.28,8.66,766.6949689495242,800.3644329821294,55.813497649239,1634.500447067763,36.00720811863775,37.70521088334744,5.028,4.851651265291024,4.851651265291024,5.84364612207139,6,4.09414826307011,4.571606063518597,,,,,,,,,0.9968012133724724,0.0019888564199740245,2.5502533306497734,-0.6531370841972796,3.943710358943467,4,6,5,180
171.0393957368949,58.673138069472714,78.87383184884274,379.8334314669654,0.8863157894736841,0.12108565323617061,0.54,1.42,0.5500000000000002,0.14487646181898975,0.26,1.12,327.25203921985286,122.85079892478336,127.2158578207141,633.055719111609,-23.39845907949716,112.45347464487143,-299.3212423315747,257.6838957770937,0.33631578947368423,0.07957390080862209,0.24,0.6,500.02919583318976,121.14533563513463,236.92453139795575,788.6804525304734,68.80477617678376,12.833805622777524,0.9035897435897434,0.19275683044061362,0.19275683044061362,0.2743029443209786,40,0.19306680772149137,0.18743053238179125,,,,,,,,,0.991391186771741,0.007105515640136484,2.609454650433421,1.1327281862949015,5.051350530121924,38,40,39,181
155.6672131981843,,155.6672131981843,155.6672131981843,9.12,,9.12,9.12,1.5,,1.5,1.5,103.77814213212287,,103.77814213212287,103.77814213212287,-54.070115838009656,,-54.070115838009656,-54.070115838009656,7.62,,7.62,7.62,40.41542170230529,,40.41542170230529,40.41542170230529,10.281804854210783,9.702993198754644,10.52,9.927779207859126,9.927779207859126,14.04,3,0.0,9.927779207859126,,,,,,,,,0.9906735218875814,,2.6140392501596326,-0.8340783529177044,3.714689332334764,1,3,2,182
230.20258014051979,248.22986690750204,60.12624119320684,1116.7545540201959,1.9388888888888889,1.1094136707335354,0.58,4.72,0.8944444444444445,0.8242731002470296,0.22,3.18,318.6345635705493,201.10495868114316,67.5428063086544,755.9840181763834,-16.307319620938998,326.2170595369435,-589.0987472724464,947.8645373262165,1.0444444444444445,0.7576606583442316,0.22,2.56,297.117734202893,248.76874317023703,52.13445649902964,887.2661999117564,48.228808858375224,31.314990296313876,1.8842105263157893,1.3409048180218281,1.3409048180218281,1.8649813820935468,20,1.318570353745972,1.2915718399648117,,,,,,,,,0.9930469810435338,0.00815176120157348,2.6505349216881906,1.649971219208085,5.37552209039683,18,20,19,183
,,,,,,,,,,,,,,,,,,,,,,,,,,,,,,,,,,1,,,,,,,,,,,,,2.4004683162701648,-1.2041605924286762,5.568872246927089,0,1,0,184
,,,,,,,,,,,,,,,,,,,,,,,,,,,,,,,,,,2,,,,,,,,,,,,,2.4821427182499507,-1.2299333050902577,6.366026718843896,0,2,1,185
1070.2075741710053,,1070.2075741710053,1070.2075741710053,13.96,,13.96,13.96,6.0,,6.0,6.0,178.36792902850087,,178.36792902850087,178.36792902850087,-7.741715434729247,,-7.741715434729247,-7.741715434729247,7.96,,7.96,7.96,316.69711011415734,,316.69711011415734,316.69711011415734,7.042038372235122,2.7435708545365864,9.219999999999999,3.5921024484276614,3.5921024484276614,5.08,3,0.0,3.5921024484276614,,,,,,,,,0.9992901008792971,,2.3600340721243045,1.0385611155906775,5.326460012695652,1,3,2,186
360.2007392715821,130.75965999865505,214.09656184407356,528.441745736648,4.728,4.308493936400515,1.1,11.82,2.8280000000000003,3.8661505402661187,0.7,9.64,277.9311262309551,173.81152879832774,54.8176084789054,516.2338866156939,-200.0981285953772,455.00559238332033,-679.9723171102809,511.6968314598324,1.9,1.7806178702910964,0.4,4.84,304.24484070247803,202.46576500150653,138.40365144819776,565.924171306564,21.211461821116988,19.502137034518235,5.253333333333334,3.6915832195233884,3.6915832195233884,5.150526186711412,7,3.4975580052373676,3.2372929706434945,,,,,,,,,0.9965540959130875,0.0031713937113281502,2.766120654740775,-0.6951688159814312,2.6229353271577125,5,7,6,187
2575.472223898085,,2575.472223898085,2575.472223898085,10.68,,10.68,10.68,3.1,,3.1,3.1,830.7974915800273,,830.7974915800273,830.7974915800273,-3210.5040281418587,,-3210.5040281418587,-3210.5040281418587,7.58,,7.58,7.58,366.0786408355298,,366.0786408355298,366.0786408355298,5.9685939498988905,3.05680472656064,11.57,5.9255548263432685,5.9255548263432685,8.379999999999999,3,0.0,5.9255548263432685,,,,,,,,,0.9988231976507421,,2.5436401928300376,-1.1349933169792672,5.197127868072174,1,3,2,188
,,,,,,,,,,,,,,,,,,,,,,,,,,,,,,,,,,1,,,,,,,,,,,,,2.3778482301125385,-1.2128935862631527,6.349013823886228,0,1,0,189
762.0199689472278,,762.0199689472278,762.0199689472278,17.36,,17.36,17.36,10.14,,10.14,10.14,75.14989831826703,,75.14989831826703,75.14989831826703,331.3967394344511,,331.3967394344511,331.3967394344511,7.22,,7.22,7.22,218.49278546284958,,218.49278546284958,218.49278546284958,4.0713581588106305,1.7248415156591403,16.189999999999998,6.858935777509511,6.858935777509511,9.7,3,0.0,6.858935777509511,,,,,,,,,0.9999261547682298,,2.3515008369415105,1.3847679143468978,6.893437892684279,1,3,2,190
2178.9464730006434,1039.4685617721573,942.2220227210643,4446.829987389556,2.278571428571428,1.2850732223547368,0.84,4.92,1.0671428571428572,0.7510651776636307,0.28,2.36,3168.769528337073,2366.4971455414116,603.9884761032463,7648.412069705385,-398.67691633331845,2005.352121946755,-4327.081273733992,4308.825954260882,1.2114285714285715,0.9279825689912761,0.28,3.28,2339.796573396302,1308.5224865018565,493.4587486818484,4985.602679404031,37.526791278068416,25.36225246027704,2.3519999999999994,1.3572408987143207,1.3572408987143207,2.1075578283881087,16,1.4880205314580899,1.1065201751252363,,,,,,,,,0.9967790610951975,0.003608721092848344,2.699164695717427,0.31227109510547585,2.389902987672369,14,16,15,191
644.7924853449756,332.31701180237434,282.179842923771,1343.5611582268982,3.066,3.4876550542990596,0.56,10.74,1.9440000000000002,2.6025594240200465,0.22,7.9,1085.8943046918625,1016.8798889685181,86.10896276120695,3440.2525948793414,198.53053292408828,736.4371168235589,-959.2449987243167,1300.0650671925434,1.122,1.132527164256018,0.28,3.4,1278.1065554914176,998.4490372563839,137.8081180106438,2629.600852221628,45.70731769322374,33.66341294539772,2.8745454545454545,3.0132784923945004,3.0132784923945004,2.63506356659569,12,1.7935668373383802,3.6458100914804237,,,,,,,,,0.9907175393318763,0.010733478774428873,2.4541794152169705,-0.7431166534938065,5.903843247109114,10,12,11,192
842.1930778155836,386.2652000292483,569.0623355385238,1115.3238200926432,14.419999999999998,5.176021638285527,10.76,18.08,7.18,4.186072144624362,4.22,10.14,122.42069093299945,17.576134291232428,109.99248718862358,134.8488946773753,-552.5006096440944,861.7457770996181,-1161.8468922901054,56.84567300191658,7.24,0.9899494936611668,6.54,7.94,190.4787996259031,163.01072430779138,75.21281106173305,305.74478819007317,5.719999419352921,2.583127789808942,11.913333333333334,4.852147290976783,4.852147290976783,7.591113225344488,4,5.055813485483815,2.414510532408404,,,,,,,,,0.9995501112095246,0.00028890612695088856,2.431235085010741,1.2851945773795752,6.264015563054988,2,4,3,193
890.7862128210108,517.9760306240728,396.5925464170565,1429.65116176858,1.1133333333333335,0.5749202843293436,0.66,1.76,0.43999999999999995,0.12489995996796793,0.34,0.58,2066.4651385532748,1313.832311269462,1166.4486659325191,3574.1279044214502,-1648.3957404110113,1161.1299763478207,-2973.032056693299,-806.5593543289186,0.6733333333333332,0.4670474636836532,0.26,1.18,1450.8771666256628,624.270434679417,749.9085898583999,1946.9494572742014,30.479941272171736,18.330434325564557,2.9250000000000003,2.3474454200257777,2.3474454200257777,3.0509889107194956,5,1.9753255709151116,2.0889803466976153,,,,,,,,,0.9940696566054871,0.005769920665086858,2.279933899494585,0.9284744450736994,6.545422869234033,3,5,4,194
166.55503196408364,75.90513744645799,84.69302659556286,313.92831076607024,3.7733333333333325,5.746111728812798,0.6,18.54,2.013333333333333,3.375011111092821,0.28,10.86,206.50281810342977,143.12338027315639,28.906842611977,458.4726866328803,-78.25948619205701,139.69897974768233,-431.94416115826084,36.25611397519048,1.7600000000000002,2.466130572374464,0.24,7.68,265.1706918131829,223.98414969624397,31.52391120860866,635.7333195615012,48.822597964798135,38.36929743814176,3.5780000000000003,4.511599371496641,4.511599371496641,4.858993951655242,11,3.434740452393549,4.984045548015322,,,,,,,,,0.9952395792761588,0.0051891364649851585,2.558628704709326,1.3136538032382838,6.457606318437051,9,11,10,195
170.4288028051247,89.91724415303156,59.4498603553,350.7059594108373,1.0105882352941176,0.4543723021359319,0.52,2.28,0.5747058823529412,0.4409166436312152,0.2,2.0,363.5081853287979,231.81347293418176,132.48873026233926,1206.0652068908937,1.6984800450065198,96.17519864487373,-232.4687597600596,166.13679061928997,0.43588235294117644,0.2375521333155751,0.24,1.52,421.3854390668539,250.55360984091777,117.74099595634051,1329.1997421304532,68.98460790298614,23.52011598618994,1.0062857142857144,0.46780517384085113,0.46780517384085113,0.7235777124002322,36,0.5115721409178982,0.4043167905067236,,,,,,,,,0.992606909853662,0.005984504605149159,3.0962703428429865,-0.17711124470794526,-0.5223286064766715,34,36,35,196
3303.5401331841285,1989.1871017249553,1812.3288540722058,6217.517257569611,3.935,3.166212248097086,1.08,6.92,1.8599999999999999,2.6170212074035626,0.32,5.76,4007.636028113791,2642.051274844156,1079.4300794391686,7263.449397481699,-1399.1196066332059,2299.7339813597437,-3695.3876483356808,1784.4933178158915,2.0749999999999997,2.7042374156127638,0.34,6.1,3069.2503459178715,3114.0903440150355,904.559627207267,7639.884109077044,30.830321056069646,34.47339746324741,3.8760000000000003,2.594740834842663,2.594740834842663,3.310755200856747,6,2.3251747246174856,2.316430551516708,,,,,,,,,0.9949455330383012,0.004794403510327815,2.6474312204015757,-0.9117003242434711,3.4712545655464675,4,6,5,197
,,,,,,,,,,,,,,,,,,,,,,,,,,,,,,,,,,2,,,,,,,,,,,,,1.6844189851950728,-5.440353102475668,39.23010003608116,0,2,1,198
811.2521835249277,491.7858748592912,374.4673240994551,1660.8136737038656,3.3066666666666666,2.060045306945133,0.74,6.12,1.4766666666666666,1.2803384969087928,0.36,3.4,891.601585618403,573.7047596834434,210.37490117946913,1514.2125224514814,-163.14761467373037,797.1404784403738,-1362.9074426536786,887.9324985044747,1.83,1.9830380732603197,0.38,5.68,706.5339821707736,541.2863097738596,138.8065940678604,1641.9147715593997,34.86673594011808,29.720362473323714,3.0542857142857143,2.1155523876193434,2.1155523876193434,2.8555326414990714,8,2.01893398714382,1.8963906222849372,,,,,,,,,0.994825518807268,0.0036469961969877525,3.0654018627247597,-0.5069080339411165,0.24949415209559334,6,8,7,199
691.3834166276232,251.1186933044888,411.5837414191921,1316.2540549624928,2.2133333333333334,1.0898985218261321,0.94,3.98,1.3816666666666666,0.7799048115965918,0.54,2.62,637.9683629745915,336.3077436863597,254.37987234389374,1263.9784251705514,47.28830130806671,677.9537993939567,-789.2836402644837,1477.7730277847395,0.8316666666666667,0.606237777133892,0.3,2.06,1083.8146254938029,575.7337880253011,273.9917123867384,1900.891405281989,34.714301582680655,18.57983390752412,2.193846153846154,1.002177117259706,1.002177117259706,1.2649901185384809,14,0.8928387934622414,1.0281245412501552,,,,,,,,,0.9956544575862938,0.002761987594896252,2.710999560025456,-0.7985483541393136,3.2458511438274575,12,14,13,200
5975.66473189729,2834.4647038469366,3971.3955187732026,7979.933945021378,2.55,1.5414927829866738,1.46,3.64,1.53,0.4666904755831215,1.2,1.86,4392.551917622672,3192.4358479122966,2135.1588810608614,6649.944954184482,-2445.3135137011004,10906.569370944395,-10157.42267537738,5266.795647975179,1.02,1.0748023074035522,0.26,1.78,9081.696645833672,203.60722863712147,8937.724593765764,9225.668697901581,20.497154167633415,6.601596372237003,3.1466666666666665,1.0400641005886766,1.0400641005886766,1.0599056561788882,4,0.1767766952966369,1.187880933053103,,,,,,,,,0.997641556253242,0.0007376620978020474,2.033010355808934,-2.4595058386270803,9.030404675204828,2,4,3,201
478.5023299306744,154.7751959865181,237.33462488273037,878.814617901696,0.9200000000000002,0.0641179468722378,0.78,1.06,0.5724324324324325,0.06277850859283884,0.46,0.7,825.1946016442178,212.89409703103448,474.66924976546073,1373.1478404714,-13.335775394762335,199.55023833626862,-422.4953431158,374.86766598911294,0.3475675675675676,0.03600967504292002,0.3,0.46,1318.182596733824,344.2495276592097,640.981730862691,1994.3373939169267,65.31491968534414,4.027439790517117,0.9221052631578945,0.058038100008800934,0.058038100008800934,0.06928203230275509,39,0.048983830310093804,0.06449915623367128,,,,,,,,,0.9901073420712908,0.0067263991826964666,2.976168710256945,0.3569105767337308,0.6415802615082824,37,39,38,202
,,,,,,,,,,,,,,,,,,,,,,,,,,,,,,,,,,1,,,,,,,,,,,,,2.3610618902399723,-1.0852870320058792,6.223039291310231,0,1,0,203
242.35350606522036,160.26132252804322,93.6153807954732,597.6583052993798,1.8422222222222224,1.297905804411161,0.58,5.34,1.0033333333333332,1.0290429591444208,0.26,4.04,358.46854582795964,195.66798841987296,81.89226795797603,693.8043941979322,8.984648950356826,251.09149363436222,-258.5411649640895,794.7775209045554,0.8388888888888889,0.5309468666103969,0.28,1.9,407.53718277386906,345.9963227885486,60.41349805355275,1290.2580991827947,44.49086624176702,25.191231553434534,1.828421052631579,1.0964856140207158,1.0964856140207158,1.6286258693211964,20,1.15149419837396,0.9757390282638675,,,,,,,,,0.9886267847948947,0.013724902485946934,3.0257909731746957,-0.1649160536554975,0.4703332726529714,18,20,19,204
255.64264458160943,133.46556024670284,128.81399316329035,448.57882291255044,4.312,4.121616187856409,0.62,10.18,2.4720000000000004,3.9617824271405917,0.28,9.54,307.4596189581001,295.0150024494169,47.02084097615833,810.2879796373268,-54.88299511058676,540.252785419647,-829.15675237154,496.43883886732357,1.8400000000000003,2.5407479213806314,0.34,6.36,318.4788108891982,359.5419803907331,92.31022500356842,952.3217980117328,23.18354360355444,18.476568610201454,5.426666666666667,4.444172213884906,4.444172213884906,7.321234868517743,7,5.152905199981851,2.5229636893498446,,,,,,,,,0.995222144533472,0.005670669253683881,2.475399670398059,1.2213239699945293,6.18736857506935,5,7,6,205
568.544465999524,378.5702389137802,297.1362708204606,1137.060903683471,3.8400000000000003,1.9509314014934849,1.3,6.76,2.511428571428571,2.146807153048674,0.3,5.9,345.32599301622423,292.01604216651907,163.1010196812221,990.454236068202,11.772924819191644,690.8883779785551,-1402.0652838412695,770.513388174502,1.3285714285714285,0.7349246803001555,0.36,2.38,417.37564288618614,256.81147821830757,229.4994251171654,982.143088099569,24.60550089553366,16.103701642435524,3.6025,2.2799357760378123,2.2799357760378123,3.16177165525912,9,2.2003636063160106,2.0627863437593335,,,,,,,,,0.9971159113257192,0.0019512630204448012,2.720575010650089,-0.8408079819068237,2.037623351396837,7,9,8,206
660.8548274971774,471.29208908168425,282.23094137429007,1662.7005088443975,3.5825,4.1790831188534305,0.6,11.16,1.9849999999999999,2.801239521558779,0.32,8.78,874.7115637744952,845.5999028481995,54.59213613913638,2545.4010150076438,130.00791460358346,607.4837509286018,-948.9454995986079,1133.3457633618714,1.5975000000000001,3.291381603087503,0.28,9.74,1259.2031254283238,1075.9311584883817,57.27643378093736,3176.4774695562896,47.29046625540578,33.33823009815357,3.735555555555556,4.980650336831304,4.980650336831304,6.2898529394573295,10,4.303608587569274,5.05767428512184,,,,,,,,,0.9958806829193051,0.004828853652512838,2.2657194607939135,0.4925373068886146,7.528906973660419,8,10,9,207
293.36001738056495,77.69651916137357,214.11162750608523,392.98779288705975,3.8920000000000003,1.490208039167686,2.08,6.02,1.7440000000000002,0.9085592991104103,0.32,2.6,350.67001158618706,491.2015586840511,94.7396581885333,1228.0868527720618,60.31051954688813,328.9084058260781,-420.9689785189741,370.8784125987249,2.148,1.67795113158876,0.36,3.96,299.3767296383294,251.00657501948322,78.41266592383685,610.6342746582382,23.36096161664553,20.66069467781015,5.276666666666667,5.199898716962347,5.199898716962347,6.640006024093653,7,4.374467739051232,5.092047045257056,,,,,,,,,0.9962216356524551,0.0023954066292588934,2.6169245499514715,-1.193670652684244,5.304840855683025,5,7,6,208
191.4553517474841,107.40354170732199,90.23104862884261,446.78892073438,1.9506666666666665,1.1869496719783545,0.6,5.22,1.1613333333333336,1.121465028221482,0.3,4.3,247.47986360902956,151.36726556357178,54.9256566120915,624.4357705514999,16.790857441753616,214.80000578470205,-358.08305814287144,425.26011770839386,0.7893333333333332,0.5615726217719391,0.26,2.28,240.30406999909655,97.39286151548292,93.53167571670501,440.36875163683527,43.93807962415323,26.711075301691768,2.02,1.4090753469326376,1.4090753469326376,1.8810068225997123,17,1.3235071254478046,1.4039689771817925,,,,,,,,,0.9961473602837592,0.002978083253620418,3.0630678096927504,-0.09778410985793175,-0.13297288974912203,15,17,16,209
1798.8256275245758,893.5089101113001,842.3917175720981,3225.8051498965756,3.813333333333334,2.6293319810679416,0.8,7.76,1.6500000000000001,1.6631416055164996,0.34,4.24,2215.704413271333,2365.134785045562,598.8261747338686,6902.358902865148,291.98349489332105,2577.6312127461842,-2583.891102564571,4986.691918628185,2.1633333333333336,1.9015116793400633,0.26,4.98,1677.0496184767308,1412.1318816517864,656.1126742386299,3910.008332155466,30.81998470287817,33.24164540350396,3.8542857142857136,2.810188944672921,2.810188944672921,4.269918032000146,8,3.017586415958585,2.105270542936683,,,,,,,,,0.9978296447051598,0.0026990087550881705,2.8200582387455353,-0.6319315793564122,1.476522391111236,6,8,7,210
241.0762910461589,59.97589994164121,168.06475741709852,334.1782264188396,1.9825000000000002,0.7867065163433838,0.82,2.98,0.7,0.4011412291379256,0.36,1.48,463.2240157271467,273.6393240835423,124.54183838098756,835.445566047099,-72.9956049864646,301.6545324360039,-388.1676534333937,370.23798486035395,1.2825,0.6763293787581822,0.44,2.12,306.7802789983236,268.2966822378503,85.30974297639865,837.5425560822844,28.990609563676458,18.921798870888978,3.0177777777777783,1.989810152864952,1.989810152864952,2.140467238712146,10,1.5100620848163826,2.1814094223463036,,,,,,,,,0.9948745934397356,0.004066004342481918,2.773250996639427,-0.7545335863529705,2.7885407545516907,8,10,9,211
1274.4225139791738,733.7439692633842,605.0548122328055,2058.928965801304,2.1733333333333333,0.8846091415610249,1.52,3.18,0.82,0.563205113613149,0.4,1.46,1772.2864719517313,995.5590305833047,1008.4246870546758,2898.2094097585295,-648.7787977568267,665.3565160502689,-1410.3752189816655,-180.35946050425204,1.3533333333333333,0.32145502536643183,1.12,1.72,1132.3716136018586,475.98361532978834,808.3087396546935,1678.8479001432872,14.91235696919502,11.208422023248199,7.055,5.509177192043594,5.509177192043594,7.638272055903744,5,5.336969593734299,4.128353855419318,,,,,,,,,0.9959182480105747,0.003639465522284763,2.545362658876776,-1.0616967525027374,4.603249113148003,3,5,4,212
,,,,,,,,,,,,,,,,,,,,,,,,,,,,,,,,,,2,,,,,,,,,,,,,2.4524936437790075,-1.2358245699160624,6.2212588650180205,0,2,1,213
,,,,,,,,,,,,,,,,,,,,,,,,,,,,,,,,,,2,,,,,,,,,,,,,2.426027914183838,-1.0308996177734036,5.5010435294900475,0,2,1,214
552.7840200152231,417.75603236085914,270.8382116597322,1697.1490554597203,2.381666666666667,1.9443242964323029,0.74,7.5,1.1483333333333334,1.57115957949612,0.3,5.9,782.5384447357475,542.9391895732177,183.3747970841614,2205.261051394316,-123.11964718126478,950.3107567334878,-2385.518497829034,1472.231092154933,1.2333333333333332,0.9849903860475292,0.26,3.28,683.5183759114813,366.0579099674105,212.6233508926979,1448.7293797426853,35.77458971174471,24.381472064560064,2.464615384615385,1.69843366755282,1.69843366755282,2.4830290641338317,14,1.7548167837254247,1.4987246084605603,,,,,,,,,0.9917838166425227,0.006612850882863413,2.5775253502460536,1.4553474835532578,6.342194012092305,12,14,13,215
226.3247760464976,103.60836741725265,110.80523947118729,434.86913332782797,1.2533333333333332,0.6198363505388138,0.44,2.5,0.6533333333333333,0.33167121837966174,0.24,1.56,514.0386141906484,471.49203482992704,113.19672605801505,1729.6260025072434,-16.137974557514593,323.55718669392223,-1003.991064129541,482.35581790753366,0.6,0.4865852622010909,0.16,2.02,571.5038166539929,319.79547490319436,118.9934884094855,1489.5925047572887,62.548089070082455,36.22881168665878,1.368,0.8888756943465155,0.8888756943465155,0.8411400993096612,26,0.5886068179278178,1.081912202486361,,,,,,,,,0.9895249803096041,0.008028988073109018,2.840799033243904,0.6560179542812329,1.4893399047989915,24,26,25,216
,,,,,,,,,,,,,,,,,,,,,,,,,,,,,,,,,,2,,,,,,,,,,,,,2.6047445010672634,-1.1614078605097216,5.13105654086494,0,2,1,217
254.80895899746437,109.09942449688761,100.52607088076086,372.27038937365944,4.696,1.3099160278430062,2.54,5.8,2.068,0.5920472954080611,1.38,3.0,123.35228604579683,41.61014656218137,54.04627466707573,160.27457783397227,-39.83690331098201,627.3662773701657,-801.724319624527,939.2725865034192,2.6279999999999997,1.200883008456694,0.58,3.74,121.59451486608438,31.75391231512128,79.3663642839101,151.64748147025136,11.601725498090575,3.2714615891442826,5.533333333333334,1.5872827935395342,1.5872827935395342,1.8029753187439923,7,1.2688073139763973,1.6091112799030127,,,,,,,,,0.9983841097882348,0.0007207382392743879,2.7550722627831203,0.6321402436187605,2.441110250873157,5,7,6,218
489.77876386516385,468.300314197407,158.64043606438656,820.9170916659411,5.819999999999999,4.186072144624361,2.86,8.78,4.5,5.5720014357499945,0.56,8.44,190.2757756131886,131.53701793504973,97.26505825425843,283.2864929721188,-536.2230169856165,104.09995773223447,-609.8328030193125,-462.6132309519205,1.3199999999999998,1.385929291125633,0.34,2.3,320.5390639024513,219.18608124905015,165.55109950954238,475.52702829536025,31.146788587892203,25.508747305646082,4.573333333333333,5.357773169268492,5.357773169268492,9.259989200857634,4,6.540737725975565,,,,,,,,,,0.9946264670102805,0.004845139588081138,2.800958722863584,-0.48379787810902186,1.9043594155009123,2,4,3,219
232.06746365270726,106.75854659099417,127.2544442259581,340.6705968341106,6.080000000000001,3.2650880539428027,3.96,9.84,2.4533333333333336,1.462919455518086,0.8,3.58,112.38389012840345,47.68117576342916,63.76462287655116,159.0680552824476,-29.33260426663897,590.5296280305749,-660.2813323511958,510.09045586090195,3.6266666666666665,4.719081831599588,0.38,9.04,263.28085180479195,286.0115630087389,83.58722633284478,593.0969644486131,13.350404904829684,10.823140246939284,8.105,6.1744932315669985,6.1744932315669985,8.674698842034806,5,6.119248319851059,4.443123901040798,,,,,,,,,0.9953441146107368,0.0042679526077204965,2.3061463852688537,1.2598119651047617,7.25375178415308,3,5,4,220
422.9915656465838,82.47408195033748,223.77908048198995,552.488026944516,1.02875,0.07412935511875565,0.9,1.18,0.6512500000000001,0.0879791030907065,0.32,0.78,653.3128286650534,113.73827366578998,360.9340007774031,973.9782384518774,29.639370983889656,146.5323481651456,-151.04562158485348,377.15597832718515,0.37750000000000006,0.047857314808137326,0.32,0.58,1122.5430893823507,221.3916588575811,741.5795293662542,1624.8305705993653,58.88606196469875,7.089378035462304,1.0303030303030303,0.10001515036748335,0.10001515036748335,0.13162446581088186,34,0.09246621004453466,0.1041624517053573,,,,,,,,,0.9923997414231703,0.0039581973454353575,2.719910978926876,-0.6355856317851842,2.8869125527885924,32,34,33,221
,,,,,,,,,,,,,,,,,,,,,,,,,,,,,,,,,,2,,,,,,,,,,,,,2.601194320222562,0.06263281436026148,2.1270691172782827,0,2,1,222
248.84407109615825,72.83964278780215,103.0748453856992,403.4174634941422,2.058461538461539,3.3415910535597817,0.64,12.6,1.4,2.47578943638859,0.3,8.84,524.8756751525495,312.7969287410963,45.63545967128306,972.709033730868,27.205649874476414,147.06494236965352,-410.79214994142524,165.251411093043,0.6584615384615385,0.9569904749947981,0.3,3.76,592.7594222413519,280.3999841235762,139.1864640124674,1032.1727042615275,68.98656151431189,34.45877661862788,2.2714285714285714,3.7757747185544224,3.7757747185544224,2.6162509877244635,15,1.7108446303251579,4.85276424885541,,,,,,,,,0.9928956984255297,0.006560509283217347,2.834265588565596,-0.21546585127691603,1.2554692850620794,13,15,14,223
356.51152700733627,,356.51152700733627,356.51152700733627,6.92,,6.92,6.92,0.72,,0.72,0.72,495.1548986213004,,495.1548986213004,495.1548986213004,-1741.4403046645293,,-1741.4403046645293,-1741.4403046645293,6.2,,6.2,6.2,136.43848679541443,,136.43848679541443,136.43848679541443,17.243953418931024,17.20788374640299,6.93,6.915504320004435,6.915504320004435,9.780000000000001,3,0.0,6.915504320004435,,,,,,,,,0.9971252775544831,,2.153391742914232,-1.0306937822744386,5.979006804805746,1,3,2,224
1175.839607347212,536.5504141213473,604.2140091323647,2060.703900167028,1.5266666666666666,0.723178170761996,1.04,2.84,0.9866666666666667,0.738611309598402,0.52,2.48,1324.207565865839,356.60823581530923,830.928992002834,1920.6789471632908,103.41875383859197,1365.8879611426753,-1105.0940989250369,1960.998313296901,0.54,0.4229420764123617,0.34,1.4,2080.0051455841563,1014.4106750398606,802.9379701502152,3833.8988624765575,40.91434200873875,21.86095393542603,2.34,2.2450835173774712,2.2450835173774712,2.6850201737293022,8,1.8017337329484744,2.32259365146839,,,,,,,,,0.9928394089998953,0.00560498831011458,2.4142376886894343,-1.40379210393799,5.510597883442131,6,8,7,225
634.1729729767832,304.06517806474477,294.42142744753255,1173.327220932875,2.245,1.370762893096727,0.54,4.8,1.2533333333333332,0.7975112804369869,0.28,2.58,619.3422960403287,273.59903514876265,234.782571603124,1258.8225257679806,105.45209741511265,821.8450715291326,-1568.3998496569989,1596.7746762875424,0.9916666666666668,0.6604933876667618,0.26,2.3,840.229157568127,696.8365109317142,252.0777409245087,2566.375959147554,33.171788232997784,14.243846951042004,2.1446153846153853,0.8889002136030735,0.8889002136030735,0.9671435605258749,14,0.6836452540121473,0.9956685160662666,,,,,,,,,0.9944047553036491,0.008657156877307642,3.15484313104725,-0.16937957418478075,-0.5208486304580058,12,14,13,226
655.1069489964426,319.0491421604239,429.50513704305604,880.7087609498292,9.64,1.8384776310850233,8.34,10.94,3.09,0.919238815542512,2.44,3.74,237.8935796187329,174.02270372631594,114.84094573343744,360.9462135040284,-177.2119787646016,967.7112886320471,-861.4871931870945,507.06323565789125,6.550000000000001,0.9192388155425116,5.9,7.2,117.8308788686319,14.681608070032201,107.44941424358899,128.2123434936748,8.868167057550062,6.528862246094217,9.346666666666666,5.525842318898843,5.525842318898843,5.537508465004818,4,0.3111269837220812,6.3731032036555355,,,,,,,,,0.9949708589293573,0.004333842003506183,2.5191108588670588,-1.0542549547805384,5.383371879710843,2,4,3,227
498.26983166735135,175.41275760315438,217.37561390671317,1033.2570928713512,0.8517073170731708,0.18368318430145408,0.44,1.78,0.46146341463414636,0.13359567686885973,0.22,0.7,1126.2074688239904,365.09871212418136,607.5801773031748,2040.7894303950145,-18.934869155015438,164.00163238361716,-402.8761962935987,268.0266742290271,0.3902439024390244,0.16727952362554793,0.22,1.18,1343.9433627816418,416.05561265119655,535.6475922082317,2502.766539578325,72.1375198230774,11.089548228744201,0.8533333333333334,0.16095244967663763,0.16095244967663763,0.22128229404662403,43,0.15646983048648314,0.1615393757735525,,,,,,,,,0.9906075873248137,0.007835345274299643,2.8488389314629794,0.16824649787255438,1.3511316486168417,41,43,42,228
,,,,,,,,,,,,,,,,,,,,,,,,,,,,,,,,,,1,,,,,,,,,,,,,2.232527113480256,-1.386939278844571,7.079676484443862,0,1,0,229
758.6610077333753,,758.6610077333753,758.6610077333753,19.38,,19.38,19.38,8.0,,8.0,8.0,94.83262596667191,,94.83262596667191,94.83262596667191,-578.3413645442578,,-578.3413645442578,-578.3413645442578,11.38,,11.38,11.38,83.99527452118593,,83.99527452118593,83.99527452118593,4.732370246772636,2.296063338401036,14.370000000000001,6.972072862499359,6.972072862499359,9.860000000000001,3,0.0,6.972072862499359,,,,,,,,,0.9991352187735651,,2.6030618032600588,-1.294530310321549,5.512241403347206,1,3,2,230
,,,,,,,,,,,,,,,,,,,,,,,,,,,,,,,,,,2,,,,,,,,,,,,,2.3979421255247875,-1.2293023405133692,6.531586784691735,0,2,1,231
657.3368983306657,364.8698105387158,245.98026032995367,1338.9881583582287,2.878,3.0957095758125917,0.6,11.22,1.258,1.2298672015032082,0.28,4.34,851.1463459211075,679.7304869983437,184.38152834253398,2418.581971464964,-232.83380829143198,819.8719633746501,-1573.0256292283743,1446.428816745235,1.6199999999999999,2.0747369311152033,0.2,6.88,819.5539762727867,561.4555043329517,120.95232851224549,1865.83634754051,29.367351193140937,26.291823022053787,3.149090909090909,1.9312869002064639,1.9312869002064639,2.625703715197128,12,1.8516824781803165,1.8310795081834264,,,,,,,,,0.9956993091725957,0.003079968751306053,2.6100980180039777,0.6560484077318283,3.386081499940426,10,12,11,232
1260.5194158508807,650.0018241693359,553.0787642167775,2976.4025656090002,1.4984615384615385,0.5124751401100051,0.98,2.2,0.8338461538461538,0.4064795702438698,0.52,1.86,1804.1570343472993,1344.5292894621157,617.4936758443166,5131.728561394828,53.85238743522583,638.9278485776047,-1255.0161542791834,991.996186374488,0.6646153846153846,0.43735217282748584,0.34,1.42,1967.3230482121205,735.0013071199456,1092.0565215883416,3447.240765590211,41.97895135392431,14.868117112195671,1.6785714285714284,0.8377429121235146,0.8377429121235146,0.9057083925346459,15,0.630360092450217,0.9518474146547489,,,,,,,,,0.9961880725395746,0.004166709671591625,2.61863720444388,-1.7097131971498105,6.707542866019795,13,15,14,233
341.54867449347637,,341.54867449347637,341.54867449347637,9.26,,9.26,9.26,1.54,,1.54,1.54,221.78485356719244,,221.78485356719244,221.78485356719244,-417.604900360465,,-417.604900360465,-417.604900360465,7.72,,7.72,7.72,186.18247694113612,,186.18247694113612,186.18247694113612,10.595670297162833,7.948652266666043,7.880000000000001,5.911412690719537,5.911412690719537,8.36,3,0.0,5.911412690719537,,,,,,,,,0.9932249694976264,,2.4585008626173153,1.3184916136914098,6.578540709095385,1,3,2,234
1421.660578103012,691.6647201838535,579.439246303592,2978.5564695644744,2.8925,2.862006039726082,1.0,9.3,1.585,1.7710287567238587,0.5,5.8,1535.383265587751,923.7616303151775,221.33069788977141,2803.948930414634,121.09368727610821,1167.224155341304,-1396.8555003344545,2111.4933068449527,1.3075,1.286098752040449,0.34,3.5,1627.2015382357645,999.27324831467,760.8760160299939,3074.2049775740334,33.454207227570144,21.885952520651347,3.1466666666666665,3.005794404146764,3.005794404146764,2.9249615382086653,10,1.9384271974980127,3.5077580684344043,,,,,,,,,0.9976985953162405,0.0027700710314731225,2.999906829013424,-0.28576791666112206,0.384414618921193,8,10,9,235
,,,,,,,,,,,,,,,,,,,,,,,,,,,,,,,,,,1,,,,,,,,,,,,,2.3493198724985835,-1.2647260566280691,6.70952646208878,0,1,0,236
221.20636750144314,95.88818194320203,86.92306201131943,421.1322208585455,1.7506666666666668,1.6008366859983236,0.8,7.08,1.04,1.1622883831968234,0.5,5.14,293.1966222299946,163.43301430844556,48.82881311537326,619.312089497861,-27.290743690660484,256.5248765712044,-535.903616061858,362.8156629615373,0.7106666666666667,0.6947503834026256,0.28,2.48,454.7654923782344,320.2805318081433,90.53079815045062,1173.9092306660182,42.84826516111826,19.57587614612024,2.18375,2.4462675650876786,2.4462675650876786,2.4461943231613197,17,1.6924102470868119,2.890703967990419,,,,,,,,,0.992957290247794,0.004431866355910387,2.9221118025367354,0.37440284358727066,1.203315557253683,15,17,16,237
1292.4377561312365,465.05265485506726,695.6092639494336,1968.8749257912318,1.2639999999999998,0.4102194534636308,0.8,1.66,0.844,0.46030424721047275,0.32,1.18,1831.488667642463,787.7265219272813,1132.222041211888,3017.249343378348,561.1988249020893,989.8634231056725,-409.2682629543301,1788.0285518993705,0.42000000000000004,0.08717797887081347,0.32,0.52,2062.770800620957,693.5316205108663,1369.787896315503,2805.3866337654117,57.81215100928543,22.734894896222915,1.18,0.4419954750899606,0.4419954750899606,0.5568482737694354,7,0.3927340066762745,0.41395651945584816,,,,,,,,,0.9934923185745121,0.0041458194471990645,2.161361396752644,-1.234473121408544,8.454404186346908,5,7,6,238
567.5364388104966,249.8872681161181,272.2129224922013,1041.36861532573,1.5461538461538462,1.02581299840288,1.0,4.66,0.870769230769231,0.9770232131195036,0.26,4.06,968.7283974489175,637.8459598266081,256.49473283884976,2064.798252451172,-84.5975125690962,830.5079409964484,-1373.7755780839534,1199.0305758916138,0.6753846153846155,0.45041860871518513,0.32,1.94,1189.5324036608595,659.7729876182005,285.26963823139494,2395.3261083704783,42.89664687094709,22.995528887738597,2.0628571428571427,1.6516072757791407,1.6516072757791407,1.5342951275623404,15,1.0692197011048614,1.980579652874753,,,,,,,,,0.9929826784434164,0.008715735252549223,2.4721802506848944,1.3015533425127805,5.782790191867763,13,15,14,239
567.5364388104966,249.8872681161181,272.2129224922013,1041.36861532573,1.5461538461538462,1.02581299840288,1.0,4.66,0.870769230769231,0.9770232131195036,0.26,4.06,968.7283974489175,637.8459598266081,256.49473283884976,2064.798252451172,-84.5975125690962,830.5079409964484,-1373.7755780839534,1199.0305758916138,0.6753846153846155,0.45041860871518513,0.32,1.94,1189.5324036608595,659.7729876182005,285.26963823139494,2395.3261083704783,42.89664687094709,22.995528887738597,2.0628571428571427,1.6516072757791407,1.6516072757791407,1.5342951275623404,15,1.0692197011048614,1.980579652874753,,,,,,,,,0.9929826784434164,0.008715735252549223,2.4721802506848944,1.3015533425127805,5.782790191867763,13,15,14,240
495.73980829822676,247.76056089248445,232.3866162897782,1189.8181989506434,1.9775,1.3282946460280063,0.48,4.34,0.96,0.8557258127850687,0.24,3.26,956.1434362224204,893.2170426783182,141.34825024179167,3718.1818717207602,44.529428196779,408.32672994840414,-512.8459192630729,949.7794540270723,1.0175,1.0520804785439817,0.2,3.46,847.1826746822207,657.3926952028842,114.21869932096003,2042.10139697677,48.21971971243216,34.4883628936225,1.9505882352941175,1.211674825335965,1.211674825335965,1.3789851340750559,18,0.974382817479865,1.346909673382961,,,,,,,,,0.9888846299647842,0.007783198173654859,2.7021366130387356,0.3223500675516212,1.6812942998926799,16,18,17,241
,,,,,,,,,,,,,,,,,,,,,,,,,,,,,,,,,,2,,,,,,,,,,,,,2.365306539475351,-1.0948816410967184,6.529213063463963,0,2,1,242
,,,,,,,,,,,,,,,,,,,,,,,,,,,,,,,,,,2,,,,,,,,,,,,,2.3766581183421644,-1.2302468572407146,6.2708932440395735,0,2,1,243
,,,,,,,,,,,,,,,,,,,,,,,,,,,,,,,,,,2,,,,,,,,,,,,,2.44403958670357,-1.0850960860214212,5.848497863137519,0,2,1,244
,,,,,,,,,,,,,,,,,,,,,,,,,,,,,,,,,,2,,,,,,,,,,,,,2.44403958670357,-1.0850960860214212,5.848497863137519,0,2,1,245
201.86695314789506,109.25109033552653,53.18795925840944,409.1606647028133,1.7060000000000002,1.0180910930187979,0.64,4.4,0.983,0.6379993400425559,0.3,2.54,253.80275946126258,149.26477157771401,43.82838216898012,568.2787009761296,4.235157864138469,66.37553920729391,-124.93267055729,124.37706231456895,0.723,0.7546145757237511,0.32,3.08,464.5296294609622,390.8285602954427,49.67612394061947,1297.1180893384744,46.99262903435654,21.064324447481177,1.7161904761904758,1.162937987127758,1.162937987127758,1.5531323188962363,22,1.0959057897465456,1.1726200004830547,,,,,,,,,0.9941217447487534,0.004867238961984984,2.87355357721669,-0.3986534036144976,0.8705158476416015,20,22,21,246
,,,,,,,,,,,,,,,,,,,,,,,,,,,,,,,,,,2,,,,,,,,,,,,,2.516113185552366,-1.2879124659048833,5.896946812985792,0,2,1,247
,,,,,,,,,,,,,,,,,,,,,,,,,,,,,,,,,,1,,,,,,,,,,,,,2.33231257311118,-1.1758150031615606,6.129192765030886,0,1,0,248
385.7651341226552,137.16392275539346,179.5570074254649,804.8683623073207,0.9099999999999999,0.030402702582571897,0.86,0.98,0.5910526315789473,0.06813299687492026,0.3,0.7,651.9451220268064,208.69443863663378,319.730258682166,1149.8119461533154,-8.182311247485316,145.5736728699771,-333.18722068240953,333.0859847257085,0.31894736842105265,0.061327189582409646,0.22,0.62,1181.4454780424612,311.87548253478553,519.3854065120648,1908.595961109824,66.8390128181579,7.060823157277816,0.9066666666666666,0.09053447535646393,0.09053447535646393,0.1423117408330998,40,0.10056075464096924,0.07655183994319377,,,,,,,,,0.991841987640614,0.0057221508917641665,2.7107410443810087,0.8493703875040228,3.564668248628667,38,40,39,249
1213.5349874496562,813.9296272211999,656.5449867961183,2653.6702114394884,2.7840000000000003,1.6908222851618677,1.02,5.0,1.4520000000000002,1.7944692808738745,0.56,4.66,1170.0304571098216,386.9532472370117,569.4571269183451,1531.265358189228,-378.42232440828764,1719.0250242078512,-2878.0337813444194,1457.033163266044,1.332,1.2769181649581152,0.34,2.74,1377.847241794642,871.9057768164747,357.28886556728065,2428.1824877015997,35.65781499936999,19.79395159102151,2.69,2.457991049617553,2.457991049617553,3.506485419904095,7,2.478102499897855,1.982054826016004,,,,,,,,,0.99293748469907,0.005171555982922005,2.7017375156738073,-0.6902956275090805,2.160368185785349,5,7,6,250
366.91846021364785,131.86847751224147,234.1706036053331,701.4089929107191,2.129230769230769,2.310290247055773,0.82,9.04,0.9446153846153845,0.5778785250756335,0.5,2.44,460.2411810719831,208.18016472473735,167.0736613321329,974.1791568204433,-77.3312026979312,450.17663146771673,-1121.2071944547058,564.6169853299344,1.1846153846153846,1.843405432818182,0.28,6.6,701.7387223669487,331.099047704995,173.82250458188835,1187.2386928171684,38.09583727127618,23.167227329956972,2.5328571428571425,1.9416504817825972,1.9416504817825972,2.2656702183816466,15,1.601987670689578,2.1059620887577983,,,,,,,,,0.9912172676189406,0.005188294537494625,2.5972579155410793,1.151420710721082,5.044932253819875,13,15,14,251
,,,,,,,,,,,,,,,,,,,,,,,,,,,,,,,,,,2,,,,,,,,,,,,,2.5382786403793918,-1.1785148568526664,5.182645376326258,0,2,1,252
311.187577246807,150.49667577262963,133.4724222281517,689.2602857510851,1.491578947368421,1.3499516993741942,0.88,5.38,1.0926315789473684,1.148355549399339,0.26,4.4,458.3346415125322,306.58013918555883,32.87498084437234,1118.1332178797907,-19.304390335515134,184.23600470020307,-358.2279348008124,297.53344607369456,0.39894736842105266,0.2537254582952497,0.26,1.32,847.5419710748193,435.6605241638048,150.69503599398496,1794.4254819924088,56.65153676504501,23.165258791842483,1.6490000000000002,1.8906359275456277,1.8906359275456277,1.1391871524999975,21,0.749955492677552,2.495821459760848,,,,,,,,,0.9930835374136754,0.004862406376463148,2.4768697218763567,0.6946866200138958,4.6473509405241,19,21,20,253
206.81134276264004,122.1689629397473,82.62504127562103,507.1210244221241,1.1882758620689657,0.6654862291454767,0.46,3.36,0.5744827586206895,0.34321574022031004,0.24,1.46,450.2011174874041,271.21289474019216,60.888125641121555,1051.4442956056962,1.5075699040027173,66.94612114311174,-128.43097408432834,159.1972378157841,0.613793103448276,0.48553662354953386,0.2,2.0,513.9849297156167,416.7626718978674,51.339087236946845,1782.831470945074,63.832451043892085,27.26028107815465,1.1686666666666665,0.635646471540281,0.635646471540281,0.7926124417132376,31,0.5604003155550479,0.683452947005313,,,,,,,,,0.9926289407424487,0.006667700050204843,2.507494526069517,-0.09059562428963568,3.573787406508555,29,31,30,254
525.0813618578424,15.43161774894616,514.1695603028838,535.9931634128009,6.0,7.438763338082479,0.74,11.26,1.38,1.442497833620557,0.36,2.4,825.7896316872277,852.0058963668098,223.3304847553337,1428.2487786191218,-453.348660425904,219.5206652533574,-608.5732114371351,-298.12410941467283,4.62,5.996265504461923,0.38,8.86,961.4049899180691,1203.5843242931699,110.34235248053996,1812.467627355598,7.143737638212876,0.605100650066329,8.44,0.7274613391789287,0.7274613391789287,1.2007497657713704,4,0.8273149339882608,0.1454303957224899,,,,,,,,,0.997261139981273,0.0034374736597105084,2.532745596507162,-1.3123393586642909,6.284657829896725,2,4,3,255
,,,,,,,,,,,,,,,,,,,,,,,,,,,,,,,,,,1,,,,,,,,,,,,,2.128917935114851,-0.9480091562301454,6.728667709109034,0,1,0,256
178.63378071552617,82.62271985902925,59.763223846909185,316.82901346689914,2.4414285714285717,1.206303043586906,1.16,4.76,1.0928571428571427,0.6671457985204707,0.28,2.26,207.7995136703021,171.41052009942044,93.3800372607956,779.7483454033531,-2.750844628037551,122.0223008221581,-161.54442784135932,242.43398802394287,1.3485714285714285,0.9426546569119585,0.32,3.18,164.7453314934766,82.44322367093577,58.1238150540357,358.2148927761911,36.14510205287852,20.898823439817004,2.324,1.310140668565239,1.310140668565239,2.087719192940331,16,1.4710873390739496,1.0197924825585807,,,,,,,,,0.9969788997651142,0.0029343413656530083,3.0208399414611518,0.23980957715096715,0.022110939495578297,14,16,15,257
398.81220608741376,205.6898525121965,213.13101050298246,688.8412756953692,7.255,6.76278788666331,3.38,17.36,3.395,2.5114869433597833,1.56,7.1,136.29636907503928,56.67375939169348,80.1244400387152,197.85204907551477,-63.86130202093338,406.775821586756,-420.24769557085506,441.3322727579849,3.86,4.329711306773236,0.72,10.26,187.01268429807197,56.52978451046246,134.6907251086048,242.85926871283186,10.63428952454311,4.739231004406092,7.156000000000001,4.51347759493719,4.51347759493719,3.7447429818346682,6,1.816242687528294,5.412543810446249,,,,,,,,,0.99933176461604,0.001002253299944744,2.4351403634295394,1.3102498471656743,6.556287006504,4,6,5,258
122.650523887268,100.31136790423851,62.54960126095454,324.406874413105,4.303333333333334,2.9213535675550584,1.16,8.28,2.376666666666667,2.697833698852964,0.5,7.52,76.94901685233033,36.81055730362761,32.331305490155124,125.09920252190908,1.2030970507738157,230.7296781469399,-203.79357042555182,421.4739920119816,1.9266666666666665,2.1912431783502866,0.46,6.22,138.27856611863487,89.58461414634644,30.38273456412107,274.87882659937253,22.73993750109844,19.078467310130186,4.614285714285714,3.7007695467423036,3.7007695467423036,4.803887314803848,8,3.2522675850004164,3.591808771278491,,,,,,,,,0.993435836327312,0.007095368200704892,2.6231686870624853,0.6470259884614142,3.813805623572331,6,8,7,259
983.993503438769,534.3359459108902,512.6175606254437,2609.364045480811,1.99,2.596130453835734,0.6,10.5,0.98,1.3282570032439758,0.28,5.04,1869.297392501173,1090.714261008049,172.82166024786505,4241.715882897158,103.37628587812604,1076.9572097276775,-1944.739742309,2188.7267547736647,1.01,1.7338050640138296,0.3,7.14,1895.276896763839,837.837060919032,146.69716264881563,3514.166762146082,60.38205136657722,31.541803440444042,1.912941176470588,2.316462185925669,2.316462185925669,2.1456292783237276,18,1.5171887551488115,2.7926400819423116,,,,,,,,,0.9929120935618856,0.004874559228635252,2.9395475031629625,-0.3723371275596476,0.8960012679094,16,18,17,260
194.89961879817346,102.54909742809336,115.87530887378614,373.9888238486703,4.316666666666667,2.56260544498498,0.5,7.8,1.9733333333333336,1.4900559273620122,0.22,4.58,175.38358034213374,180.69779666630686,53.34413456453657,526.7059494263007,-57.91873263940676,307.0974355134746,-420.66535670760646,457.3466351782656,2.3433333333333333,2.1932776082080143,0.28,6.56,239.62475363412295,330.002213226225,81.5472427435624,912.5563241535917,14.561161558523953,5.996663879446034,4.722857142857143,1.7803905403563782,1.7803905403563782,2.920992981847098,8,2.064473298446846,1.0825324616898309,,,,,,,,,0.9962628166136166,0.0031666313321046112,2.5954244426260664,0.7014110211768626,3.8523658742497213,6,8,7,261
304.3181053855865,214.19354280263758,104.60823752974099,755.88956471589,1.5989999999999998,1.9272830617218633,0.42,9.32,0.8009999999999999,0.8394101939363201,0.22,3.68,616.9655098149657,466.895559104569,56.83765259668939,1325.0833648648575,-35.69782362611371,135.1033648831398,-274.3938347313077,267.4158192612748,0.7979999999999999,1.2269242673835807,0.2,5.64,713.0786078365722,727.4313118023032,65.05962828145098,2601.5530775236925,56.2385680052727,32.47680341143541,1.6695238095238092,1.3749853678875137,1.3749853678875137,1.5400454538746577,22,1.0861443274261482,1.5560862226109278,,,,,,,,,0.9897572897076847,0.009048542392649917,2.5980007856705836,0.43999095595233645,3.565650139335867,20,22,21,262
379.5976271861941,200.53250828467074,137.91040468523727,717.0329928533006,2.7199999999999998,3.5846673485834075,0.52,13.06,1.241818181818182,1.7856417232010355,0.28,6.44,591.324571721739,462.0713598576841,111.34052684057461,1533.0589535245686,29.469065833847274,514.2834325509124,-1076.7624045623186,837.6683743774029,1.4781818181818183,1.891548668059155,0.24,6.62,468.0917604335875,298.0008433930998,156.37765339859945,1008.346015609469,43.64936994527511,32.59913911370359,2.9033333333333338,2.6735585184385156,2.6735585184385156,2.4057280130403917,13,1.6994145807763836,3.1963262026513717,,,,,,,,,0.9948865788777284,0.00426676256076158,2.8551833534203213,0.7073560803533282,1.8102887579023967,11,13,12,263
1551.9246983385037,936.000493151207,798.1188547135434,2879.755284501108,6.710000000000001,9.423693543404305,0.74,20.78,1.6099999999999999,1.5530185661049474,0.36,3.88,1412.7323451308475,973.9726508924092,725.5625951941304,2799.531543874802,-684.5156022288105,1230.1990493533376,-1624.3629426734285,1073.8215113037477,5.1,7.886460972240124,0.38,16.9,1085.169076785435,804.6573534991747,100.12756640372316,1997.6988354239386,18.6866918899427,10.897446352854068,6.348000000000001,7.7805989486671265,7.7805989486671265,8.06142047036377,6,4.792351979978099,8.596145327994401,,,,,,,,,0.9979391172764356,0.0017541113501486623,2.580296542239133,-0.9740775978555255,2.7029651926386347,4,6,5,264
676.643342629016,430.3683016607222,242.3566745164964,1443.2927912687492,3.037777777777778,2.205412533845866,1.12,7.64,1.4644444444444444,1.2078815247273955,0.72,4.52,562.4415519307535,401.70065186789463,163.2525964504896,1535.4178630518609,-60.92428135462324,933.2613033180475,-1274.2944010712201,1545.5618177012352,1.5733333333333335,1.2218019479441011,0.34,3.12,504.90580427989255,262.2305137228941,235.3355317174371,937.3432647354389,27.820621375290138,17.089211622927387,3.1100000000000003,2.0254217667768195,2.0254217667768195,1.7518498159881681,11,1.2371492519518161,2.4194341752556654,,,,,,,,,0.997341105957465,0.0025366209809971883,3.1914317513191803,-0.24056186206286334,-0.42556450218523745,9,11,10,265
277.1000394648642,198.99545076331515,158.3527542484835,506.83653340749197,9.953333333333333,8.318998337139714,1.42,18.04,3.953333333333333,5.329515300037456,0.62,10.1,150.43358605581025,102.69438132600445,50.18183499084079,255.40766814271532,25.611328482968975,242.7506497222062,-218.17582642851443,267.31202286285895,6.0,5.038372753181328,0.28,9.78,198.42222221539487,208.9194523906787,30.33391274066634,432.32323448909943,25.32729982042795,29.60040855935415,8.855,8.965822141146157,8.965822141146157,11.80376211214035,5,7.995601568640376,7.526573294372118,,,,,,,,,0.9939452365357181,0.006801825235748934,2.468292783236324,1.1974097293454065,5.92941287855939,3,5,4,266
593.7165239294374,268.84503715877474,150.43849084585318,1255.5575456626614,2.031764705882353,1.6722299307142157,1.16,6.68,1.1964705882352944,1.3378945267493558,0.38,6.28,643.9200873878493,312.0694967330774,116.04335328726823,1307.8724433986056,-54.297702300707755,326.934641080645,-474.30201229519037,691.4911974474884,0.8352941176470587,1.1589117613469264,0.24,4.96,1295.0732538104824,766.7951269304284,82.50004285047518,2718.9681708103503,42.03326732184476,14.636444845936278,1.986666666666667,1.9133217188962235,1.9133217188962235,2.232455783107341,19,1.5784785280984406,2.103152391239547,,,,,,,,,0.9931231704729371,0.004406371719579044,2.730299547933359,0.9718659023097249,3.3944150027970252,17,19,18,267
510.9997637484621,299.66649842124383,159.62975150330936,1100.4102035732285,3.0654545454545454,4.537929844403423,1.02,15.38,1.7309090909090912,2.186181394786144,0.62,7.44,533.009023743386,346.6532597189516,23.29198684460009,1122.8675546665597,-88.20635812371678,130.3471767477497,-285.6568251667273,54.76027045165553,1.334545454545455,3.19271785047274,0.3,10.96,1245.0688077200548,895.8594633443151,35.90055845382256,2980.3143596697555,44.315435899584635,18.031438595016038,2.9099999999999997,4.985918352538658,4.985918352538658,6.776606820526036,13,4.791773598040294,4.755464132811569,,,,,,,,,0.9942763051574797,0.003923586006273713,2.6778094070719947,-0.1898223929405663,1.0824143150334944,11,13,12,268
309.16817277021767,102.71890804407221,195.49232725125808,422.34421783497487,2.99,2.445497320149246,1.02,8.5,1.7774999999999999,2.2496841048086225,0.72,7.28,289.5439304028886,161.21040869249845,58.01431563667237,555.538616347169,-25.90059497555616,189.8898631190051,-342.8892699707618,212.38681379581493,1.2125,1.0254441546401805,0.3,3.0,428.16596090638046,312.7939291677921,108.38349594420583,947.9679831494908,31.87920324126824,20.870293225859818,3.442222222222222,3.1781039071189046,3.1781039071189046,4.334754895031551,10,3.0097923516415546,2.9828372233889278,,,,,,,,,0.9949779471120634,0.003639281469674739,2.7026700399780164,-0.9245587483689588,3.535446972878778,8,10,9,269
2705.182934628014,630.6367213468823,2259.2554324983826,3151.110436757646,5.71,1.2586500705120542,4.82,6.6,3.31,2.3900209204105303,1.62,5.0,1198.4904928663955,1055.9075746860108,451.8510864996765,1945.1298992331147,-213.3565666640984,10063.65400768998,-7329.43455901686,6902.721425688663,2.4000000000000004,1.1313708498984762,1.6,3.2,2211.626109461464,1894.7398632512504,871.842703572033,3551.4095153508947,11.302230535060822,6.975792157166588,7.186666666666667,4.88279974331667,4.88279974331667,6.887916956526117,4,4.2072853480599575,3.7533621964550377,,,,,,,,,0.99914132710315,0.00018043333965427955,2.7419856373030544,-1.0039271371778156,3.266358548989883,2,4,3,270
,,,,,,,,,,,,,,,,,,,,,,,,,,,,,,,,,,1,,,,,,,,,,,,,2.3608605554053965,-1.1599577791323776,5.735378988495613,0,1,0,271
,,,,,,,,,,,,,,,,,,,,,,,,,,,,,,,,,,2,,,,,,,,,,,,,2.4951196896196484,-1.5632965768568619,6.7650603755905365,0,2,1,272
1060.7079078174365,,1060.7079078174365,1060.7079078174365,6.02,,6.02,6.02,2.9,,2.9,2.9,365.761347523254,,365.761347523254,365.761347523254,-1976.0617398836146,,-1976.0617398836146,-1976.0617398836146,3.12,,3.12,3.12,220.07542128270896,,220.07542128270896,220.07542128270896,7.45480811972144,0.14406161270284515,8.05,0.15556349186104027,0.15556349186104027,0.21999999999999975,3,0.0,0.15556349186104027,,,,,,,,,0.9997888675180933,,2.63903234379966,-0.3723371338990787,3.141005976598243,1,3,2,273
1213.9513014508573,668.2643259573845,475.2071856648754,2364.395722893327,4.023333333333333,4.375612718999096,0.56,11.36,1.7633333333333336,2.0472583292458886,0.28,5.48,2148.964412111536,2080.8264605287645,304.61999081081757,5155.725054207561,-186.74273182586953,668.8589660823739,-1051.0422082663483,955.3538823786897,2.2600000000000002,3.2189190732293973,0.26,8.74,1442.5970260305128,994.7317992940259,305.0935108558481,2763.121153333059,33.71754564226763,33.92414400818224,4.442857142857142,4.423655028313556,4.423655028313556,4.337349421017403,8,2.8571596229666816,5.038156663141617,,,,,,,,,0.9932250563690683,0.005842325053049274,2.694979787954718,0.5100577642262312,2.579437505888988,6,8,7,274
1722.3425108802624,826.0011055151267,587.7908671772622,3879.9211914211346,1.1664285714285714,0.9078432491787144,0.44,4.12,0.6542857142857142,0.7436418322036318,0.2,3.44,4544.589731223105,3142.6874041019983,522.1962778676642,12933.070638070449,-45.20267601423065,1309.191398028143,-3902.8490802554247,3935.182507211459,0.5121428571428571,0.41028767814300593,0.16,1.84,4418.870824277141,2741.354132594959,854.2526466569753,10327.693173853839,75.03863666914582,38.90512947781655,1.2406896551724136,1.0387421343504253,1.0387421343504253,0.9343905576822329,30,0.6558768861576983,1.2858394844012306,,,,,,,,,0.9918967209018339,0.006439607864101242,2.863506567435573,0.4491166092335666,0.8092983355277443,28,30,29,275
41.524067057845286,19.13248489429422,14.206907780935968,87.54138172427571,1.0731249999999999,0.5717344155597806,0.48,3.26,0.5762499999999999,0.3788075517862897,0.24,1.56,88.27152650621105,46.84250549394781,11.26506277665414,243.17050478965476,-1.1765021653923173,18.69203112613586,-37.05745194596855,67.32558396110073,0.496875,0.3452202429305563,0.22,2.08,91.19275187713232,42.96948362198084,35.405003635431434,241.33329088356155,66.483149282405,25.289211406709317,1.063030303030303,0.4890583097167763,0.4890583097167763,0.6872954241081487,34,0.4859880399762941,0.4771541128460247,,,,,,,,,0.9923194958379424,0.006173762350612064,2.933588997118461,-0.13994107073975462,0.27894623758521764,32,34,33,276
1275.966854606411,454.14349765357673,787.9567390639593,1686.1973972083524,6.846666666666667,5.270003162554395,1.58,12.12,3.4600000000000004,4.723430956412933,0.4,8.9,1227.7640247125798,953.686355274375,152.10634017381136,1969.891847659898,-291.54175477716905,676.9588982336626,-886.8017345263428,444.8621145381775,3.3866666666666667,2.973505226720366,0.5,6.44,821.9895469119189,651.3893443972149,185.9222939407291,1487.6895584097792,10.564672089990907,4.558064439559914,7.380000000000001,5.321653878260028,5.321653878260028,8.901715190531167,5,6.2926553307098505,1.6977894124092345,,,,,,,,,0.9971836498008453,0.0023128911002656526,2.5649946935921806,-1.754477562035651,6.404189143973769,3,5,4,277
,,,,,,,,,,,,,,,,,,,,,,,,,,,,,,,,,,2,,,,,,,,,,,,,2.500064877379388,-1.250677687115387,5.823057971422385,0,2,1,278
,,,,,,,,,,,,,,,,,,,,,,,,,,,,,,,,,,1,,,,,,,,,,,,,2.2718939652761776,-0.9417638794915485,7.480128521006046,0,1,0,279
,,,,,,,,,,,,,,,,,,,,,,,,,,,,,,,,,,1,,,,,,,,,,,,,2.4259410128181615,-0.7206492658305782,5.031294635035659,0,1,0,280
458.2430032733658,227.81943496176498,254.56801542843198,902.1934522256682,2.188333333333333,1.542712094352218,0.66,5.4,1.3633333333333333,1.3677807727937406,0.34,5.0,654.5444631843251,514.6209183925372,84.64832158752054,1651.183477154417,-88.7787166943998,496.32514416039635,-683.5397911407299,1113.6032127917074,0.8250000000000001,0.5995225372972001,0.3,1.98,796.886106838414,514.9083837210856,139.90497278311477,1801.7085195691093,37.84478639100001,21.84796400424122,2.5384615384615383,2.1529586083412684,2.1529586083412684,1.9846410254753881,14,1.3673494229510044,2.586059679895573,,,,,,,,,0.9921018531095592,0.004741870282406368,2.652591877134468,0.9754841364086656,3.591879828358511,12,14,13,281
1354.3449328230613,949.4969448892454,648.5150261451719,2713.2674758021226,6.8950000000000005,7.02318778523447,2.44,17.3,4.359999999999999,3.8589463155979074,0.9,9.7,542.3703477329672,602.5553076934509,167.51092522192798,1442.7198303798175,-518.9333319815996,1811.415216588961,-3122.4474312623215,779.7705128118761,2.535,3.4124233813132467,0.44,7.6,1444.9693606750368,879.272367530424,624.3794465223551,2356.200748722326,13.481876794659438,9.584109276064135,6.5,4.037251540342762,4.037251540342762,2.815155413116654,6,1.132668309788881,4.979568505402853,,,,,,,,,0.9973835319682219,0.0015414739823833314,2.4847618837328542,1.005483019346925,5.456307673716244,4,6,5,282
2186.5519441689403,797.1256879919208,1310.058151353259,3472.692235015662,3.2175,1.3980164519775866,1.54,5.18,1.6975,0.8428819608936948,0.74,2.78,1630.8600442410657,1009.8864946912985,471.24393933570474,3463.7225615512543,-774.7514818054086,2736.6100576575514,-5353.00319541755,2815.338407829432,1.52,1.1413776137382654,0.34,3.46,2685.661375176977,2434.110940488209,374.03920358003745,7485.070388184992,22.310859377796287,14.11949678996128,3.408888888888889,1.6403387184088265,1.6403387184088265,1.7021457046915813,10,1.0804628637764466,1.9016010148695983,,,,,,,,,0.9934295474817727,0.0052176137103501115,2.583346637852009,-0.7991546976659775,3.9988405672108387,8,10,9,283
2150.620807053742,1568.8689527532613,1041.2629317688736,3259.9786823386103,5.17,0.9192388155425123,4.52,5.82,3.2,2.6587214972614186,1.32,5.08,715.2818207224441,104.02068768805911,641.7280870745295,788.8355543703588,-2809.689585486331,2611.8793199429124,-4656.567164258872,-962.8120067137894,1.9700000000000002,1.739482681718907,0.74,3.2,1121.5600703838575,984.7244380602683,425.2547426313294,1817.8653981363857,10.463919139680382,5.141335874933495,6.56,2.525945367580225,2.525945367580225,3.289072817679778,4,1.824335495461292,2.27574163735693,,,,,,,,,0.9971199274662416,0.001842598326251138,2.5914985762953218,-0.93060549168801,4.891697144338755,2,4,3,284
248.02754283573205,185.1322409816689,79.80103304953337,510.2856930393835,3.791428571428572,1.6833639789761115,1.18,6.8,1.7457142857142858,1.9972218800361763,0.3,5.94,216.83453672371752,106.76999655847807,41.55759289232933,342.7643577764736,78.60195180378317,624.345199144868,-761.3617890793637,819.5803665800439,2.0457142857142854,0.8784618592148656,0.86,2.96,136.8495362780971,39.48145053405557,102.9663004962375,214.26443853036218,20.33725289180391,14.527457780421912,4.4,2.819442700757925,2.819442700757925,4.015149881564644,9,2.8336937745923194,2.425155580954907,,,,,,,,,0.9947528087018265,0.008840945749142194,2.8726670533560643,0.7492995422439235,1.1108800188699641,7,9,8,285
435.8287353441895,295.14593561252826,156.5118196892905,1243.8642895824041,1.901111111111111,1.0468883242250306,0.68,3.92,1.0322222222222224,0.70893918726632,0.28,2.72,541.511141315837,408.293791193721,99.33090557320284,1727.5892910866726,-38.90240169238476,259.8348544987278,-457.2043176257999,409.7699978058984,0.8688888888888888,0.6502206764665172,0.28,2.28,674.9515008919677,474.86325719333996,220.44511541060373,2063.000090457283,43.97296634818723,23.72725387381509,1.84,1.0417079991799794,1.0417079991799794,1.2801128422482484,20,0.902824443238353,1.1139983102400444,,,,,,,,,0.9926917755917365,0.00850378523570981,2.792355068739635,-0.5169958701295043,1.2092824729046407,18,20,19,286
122.29562276331166,51.82914253342549,62.89474744213287,247.3730294929705,1.2968000000000002,0.6758865782560464,0.54,2.92,0.7024000000000001,0.6441355964908838,0.22,2.44,250.4911618037713,137.2774350269032,39.505841454151295,556.0742392863849,14.036330350664382,60.94195126470464,-83.23064539181655,162.30540312382877,0.5944,0.3784846980614496,0.28,1.7,281.31452330155827,182.20384875628486,53.99934126253655,741.5019040340928,58.4038245230929,26.941975064492674,1.3115384615384615,0.7190699120819466,0.7190699120819466,0.9220238608626135,27,0.6511144907003683,0.7552476629729056,,,,,,,,,0.9914478521313775,0.005535452946025667,2.5426430013661063,-0.6687820495621606,5.100633542694494,25,27,26,287
2684.578361346979,1065.392851512174,1420.0897049434857,5010.914586597822,2.6166666666666667,0.9395485698735936,1.02,4.14,1.1666666666666667,0.6562335135014244,0.22,2.84,2947.6213226159766,1836.3288950294036,1012.0386371267609,6454.953204288571,-549.1486987391927,7383.754441933328,-16507.531661485235,13369.488524822053,1.45,1.0505582931340494,0.24,3.92,3233.444175182131,2558.773611784072,1116.259636160907,9124.628872760839,31.52669748231144,20.517454839990197,2.7169230769230768,1.5117285063539274,1.5117285063539274,1.6789977168934247,14,1.1583099518023854,1.6962830081449367,,,,,,,,,0.9971194000517034,0.002195885209872855,2.5825021753284605,1.499649668817681,4.510563023317293,12,14,13,288
1630.1936230592305,159.78256039778273,1517.2102910866092,1743.1769550318518,10.05,6.83065150626205,5.22,14.88,2.97,0.3252691193458118,2.74,3.2,555.1620924771462,114.59920717575834,474.12821596456536,636.1959689897269,-524.9849180505349,1077.2214953360203,-1286.6955422425478,236.72570614147796,7.08,6.505382386916237,2.48,11.68,495.2681713425847,509.5219331785108,134.9817572287808,855.5545854563886,8.908948740756628,4.8984504426546,9.346666666666666,7.216213226709237,7.216213226709237,8.499435275358005,4,3.8890872965260117,7.369304203548965,,,,,,,,,0.996581282726213,0.004532038167699007,2.635581806815639,-1.0182869464261088,4.130973632273238,2,4,3,289
1081.7571672164217,446.3916038102853,519.7180607398201,2018.3845273085285,1.9986666666666664,1.2737451341091226,0.68,4.18,1.2386666666666666,1.0786887984073645,0.3,3.32,1542.1653033173363,1079.353899526202,345.16356062262713,3545.1980936134973,83.87776839129408,793.8949439733516,-831.8046821115561,2328.853306074995,0.7600000000000001,0.4882622246293481,0.22,1.9,1792.3584598007712,1326.9666127893915,449.52758576943364,5846.193085890009,44.19757076113898,29.1356649970889,1.9899999999999998,1.1802372642820596,1.1802372642820596,1.6916185543240336,17,1.1899557414738864,1.0935288443078826,,,,,,,,,0.9928525796854137,0.006861040217196314,2.7738120457822433,-0.8055958319057177,2.98581898491417,15,17,16,290
576.9207456618749,255.39890923006374,289.4266719356786,777.5797409796216,6.1933333333333325,8.779529220484054,0.72,16.32,0.7533333333333333,0.34428670223134283,0.36,1.0,777.2320972155964,102.75253694778074,663.7558240703245,863.9774899773573,-11.96831137645207,287.12518242331384,-282.9868618525738,288.9271161083663,5.44,8.55747626347862,0.36,15.32,616.1833133538612,484.11193568207204,62.37312135261256,958.9296555190115,28.967174532732255,19.18725281802543,7.15,10.998187729500408,10.998187729500408,12.711994336059153,5,7.411165750256688,11.247880788051688,,,,,,,,,0.9951861666150291,0.004563968698065657,2.5652770409476546,-0.7506221288911028,3.9472411317092586,3,5,4,291
794.9899563618119,476.608408422631,303.77782631406205,2118.5442488375256,1.6520000000000004,1.093856528646768,0.54,4.88,0.728,0.5772676110235548,0.26,2.24,1360.9849567808683,733.7625582720334,344.19911797402506,3071.0775457155746,83.65579831132958,508.8055015640957,-1191.201220689211,1187.5084707635444,0.924,0.7285631136190713,0.26,2.64,1195.678821425169,729.7962663624287,174.33148926813573,2904.232228740053,51.126881798917026,27.938595860506602,1.66,1.071578275255709,1.071578275255709,1.1660017152646045,22,0.8244865068635143,1.2277711513144458,,,,,,,,,0.9938279140683,0.005154542543977174,3.22404517592876,-0.5068869076712782,-0.4421626624505586,20,22,21,292
262.19928289143326,160.6211301647803,115.19129565971753,661.0521876459496,1.8047058823529412,1.8796479645370394,0.4,8.16,0.7682352941176472,0.6725347137334032,0.2,2.66,528.6781375305076,403.6489301249598,85.55236386648188,1437.0699731433688,56.64743045140789,256.5631052509595,-419.2629652993834,628.5290936548906,1.0364705882352943,1.6740704180845807,0.2,7.14,479.8756621549948,351.3833644764639,118.13650801717544,1616.3816298422214,57.946178848094775,34.106275897537714,1.73,1.700771451257271,1.700771451257271,2.390111983593582,19,1.6891991509666044,1.6156889158554457,,,,,,,,,0.990017098145249,0.008060334122167213,2.846282538544876,0.36031501082747386,0.9325957653641517,17,19,18,293
,,,,,,,,,,,,,,,,,,,,,,,,,,,,,,,,,,2,,,,,,,,,,,,,2.665589987320437,-1.0090767947730757,4.041524472676186,0,2,1,294
4757.936125341428,3478.5512323296643,2500.036684288575,9902.36546559039,5.07,4.008274774347021,1.04,10.14,2.095,1.8232845819198567,0.46,4.42,3991.483756448878,3236.6733843132893,565.6191593413066,8368.053151913933,-1838.1461739269503,4331.871883303192,-6211.112412261196,3444.055954116685,2.975,3.0701302903948555,0.58,7.48,2828.818929586494,2966.5496373101837,1226.4078322549194,7276.188010628852,15.839557515292066,15.039332658725103,6.008000000000001,3.374539968647579,3.374539968647579,5.817061113655245,6,4.039071675521494,1.3805549608762413,,,,,,,,,0.9960688032240743,0.002945161271984449,2.5529137662285826,0.14031857649092616,2.2783797488079074,4,6,5,295
1464.0598245594406,873.9428703406904,763.1702048447914,3485.9276046845325,3.8275,3.330687402238248,0.96,10.08,1.425,1.4958896063164935,0.24,4.64,1812.2677673206267,1224.0535135671194,580.1589846432655,3598.851919598216,-414.72453133574555,7193.336895489978,-12360.97152696242,14071.303801165192,2.4025,2.1510512380162936,0.34,5.44,1259.3382849731452,843.2635158378362,330.17226227788,2831.951887535269,23.85817633513891,18.624687678580045,3.8533333333333335,2.304864421175354,2.304864421175354,2.589218028671977,10,1.7744920047720698,2.509072496295527,,,,,,,,,0.9951494362228307,0.0031960568364877736,2.5926557372446086,1.0941225068448655,4.214216176170367,8,10,9,296
,,,,,,,,,,,,,,,,,,,,,,,,,,,,,,,,,,1,,,,,,,,,,,,,2.3853510150794026,-1.0612912753892894,5.528909935001106,0,1,0,297
746.3971258355474,225.99375411802768,495.5557459678784,1034.6130625139622,4.485714285714286,6.33764114147332,0.9,17.62,2.394285714285714,3.3248301066513513,0.52,9.26,794.1233477771367,489.2022736252873,104.24955530289093,1436.9625868249475,-323.10668293829707,551.4984346570037,-1186.3648579815278,139.37970969378046,2.091428571428571,3.024673142514348,0.3,8.36,1344.2095278808076,1073.9070078699028,113.43058706957737,2975.0813786565823,41.76447163795983,29.176113564837483,4.382499999999999,5.1704593606371185,5.1704593606371185,3.3069882716108063,9,2.073600831443522,6.517980292378671,,,,,,,,,0.9941644001609762,0.005231143330623988,2.473626746643594,1.3216297793180671,6.6647262275243975,7,9,8,298
2679.7301682052293,86.2536708363198,2618.7396126546355,2740.7207237558237,4.82,1.1879393923934,3.98,5.66,2.3,1.159655121145938,1.48,3.12,1345.5889731513157,715.9447019603248,839.3396194405883,1851.838326862043,-254.86476148837414,2858.819448331816,-2276.355379591786,1766.6258566150377,2.52,2.3475945135393377,0.86,4.18,2394.2744035220912,1028.5973707951066,1666.9462275222177,3121.602579521965,15.668745473594676,10.614615308315516,6.400000000000001,6.006629670622287,6.006629670622287,7.797756087490812,4,4.306280297426075,5.437102475890383,,,,,,,,,0.9964356475971292,0.0038123372440047112,2.568425873355307,-0.6680622806430295,3.149383170869303,2,4,3,299
492.95340415096007,245.86265268851628,269.80606970170373,1249.8892202014422,2.0237499999999997,1.3201054250829112,0.6,4.62,1.0237500000000002,0.9438423244024043,0.28,3.68,791.525044641191,524.5732367292827,138.633353857285,2002.6958144046012,-54.233761596865435,985.6440281998188,-2562.1584196659,1430.8549053186828,1.0,1.1532909433443064,0.28,3.38,999.1739370078307,723.2614738826628,153.54966533490747,2640.5640828752,48.13344231686179,33.63359420185498,2.1082352941176468,1.5705899977958826,1.5705899977958826,1.8306624484049485,18,1.2922917506314122,1.7243206445522938,,,,,,,,,0.9935416458248265,0.006781138234427829,2.6346461598879873,1.0624294957309555,4.686274842612803,16,18,17,300
1892.634221878015,730.487112230597,1098.8220320474802,3003.870283190926,3.611428571428571,1.616244913077105,1.0,5.68,2.365714285714286,1.2176871128339597,0.64,3.7,1002.0511408459757,528.3327027001264,330.94242416784095,1716.9094250741878,-632.2256207208668,2268.816507602144,-3677.8012759551825,2930.9784565509244,1.2457142857142858,0.744644370216574,0.36,2.2,1770.6192880911724,579.7479006356882,957.6351783574867,2528.1097290703324,19.084207081795682,9.166827195994864,3.5525,1.0063193188191168,1.0063193188191168,1.2779224210748141,9,0.9001859218392337,0.9807409475098148,,,,,,,,,0.9973245334135498,0.0018831498708664783,2.795352095508901,-0.7133770219135585,2.623017964987085,7,9,8,301
,,,,,,,,,,,,,,,,,,,,,,,,,,,,,,,,,,2,,,,,,,,,,,,,2.5287266988537067,-1.107205141471524,5.180618401279892,0,2,1,302
1404.6267649204174,609.788389667548,569.9335123549744,3248.260239942867,1.7625,1.2979137105370295,0.58,5.58,0.9725,1.1805055414242378,0.26,5.26,2316.9841994175263,1829.839188766423,617.5399695708873,7509.603127453407,-255.2008595898584,1583.7298393225315,-4204.016675676698,2309.478887563018,0.79,0.786994282063091,0.22,2.94,2950.2093362089627,1815.069158419377,776.9721058440518,6417.977518215958,46.127242470995824,27.303865549121355,1.8835294117647061,1.3303051396976115,1.3303051396976115,1.8153856339632084,18,1.2822218874867173,1.2988953678332675,,,,,,,,,0.9930759296488442,0.005941641920006436,2.6954455579957948,1.1044536608956648,4.163578335459815,16,18,17,303
269.42272108996553,186.969807805978,102.42489316228392,911.4949473739698,1.1753846153846155,0.665379475302512,0.46,3.0,0.6476923076923077,0.5237121934215982,0.2,2.18,550.9612061088508,377.09228267834743,197.58807394493397,1815.0205728034368,-26.942271331409163,142.7841342723972,-243.63332701939092,314.96271606876303,0.5276923076923077,0.41473179470407323,0.22,1.82,666.2774939228124,397.70528385901946,113.14712247286066,1928.0371089027592,67.12763796104497,33.93816062578932,1.199259259259259,0.6861146233343787,0.6861146233343787,0.9081341818848645,28,0.6413179846195253,0.7038090524047679,,,,,,,,,0.98916266061386,0.009292142079802078,2.6911542520059317,0.7383674308278333,2.9216605730807954,26,28,27,304
,,,,,,,,,,,,,,,,,,,,,,,,,,,,,,,,,,2,,,,,,,,,,,,,2.556418251161474,-1.2082009636486104,5.68287285183032,0,2,1,305
,,,,,,,,,,,,,,,,,,,,,,,,,,,,,,,,,,2,,,,,,,,,,,,,2.413853011954618,-0.9411807807571402,5.674222789733534,0,2,1,306
2567.810088577651,1766.3170873812576,1318.8352983646926,3816.78487879061,8.120000000000001,0.9899494936611668,7.42,8.82,3.5,4.412346314604057,0.38,6.62,2023.5864066454715,2046.4134103610727,576.553607068068,3470.619206222875,125.61036850205619,15890.317881462648,-11110.541160690036,11361.761897694149,4.62,3.42239682094289,2.2,7.04,968.1182342385978,237.35742005753912,800.281192950968,1135.9552755262275,11.305397103992979,10.354630448327418,8.393333333333333,5.082925666713348,5.082925666713348,8.748051211555634,4,6.165971131946693,,,,,,,,,,0.9992125558194993,0.0008453371063587039,2.3270900188278487,1.0199932946420547,6.300137756794403,2,4,3,307
1748.5212783791349,1288.1362390473553,873.8588882449112,4352.93991893622,1.8233333333333335,1.6981126778475766,0.48,4.94,1.1433333333333333,1.4792115016679213,0.24,4.1,2587.1302881470683,1544.0687826556155,1061.6926631551758,5040.635445522792,-508.6361566556614,2398.4904947080395,-3235.3171634161017,3159.730233637021,0.68,0.4714233765947548,0.24,1.32,2463.3751933499493,1212.8817406697221,1275.7517510480318,3791.069178818689,47.33533562311305,35.71809270242583,2.102857142857143,1.6980549096511797,1.6980549096511797,2.4810616007400275,8,1.7278261872460823,1.3991325057718735,,,,,,,,,0.9898005657376907,0.01265098258298826,2.85327957728639,-0.8040142833911945,1.393652318862947,6,8,7,308
1228.1836379468452,,1228.1836379468452,1228.1836379468452,8.26,,8.26,8.26,0.76,,0.76,0.76,1616.0311025616384,,1616.0311025616384,1616.0311025616384,-4691.1522754603375,,-4691.1522754603375,-4691.1522754603375,7.5,,7.5,7.5,370.18085944536017,,370.18085944536017,370.18085944536017,6.9917706056319915,3.8869506102256532,10.15,5.642712113868649,5.642712113868649,7.98,3,0.0,5.642712113868649,,,,,,,,,0.9942798056733005,,2.7009888158961597,-1.006019807636455,3.698341227442733,1,3,2,309
663.1724282478145,243.34473202247537,319.17352365177567,1000.322543642912,2.7,4.044398046131904,1.08,14.14,1.224,1.2829757077461235,0.48,4.76,739.9590425252727,345.30756062770143,210.1517948829647,1327.5589595263218,13.717609632159043,565.0282523308207,-1012.8883142570564,672.6248299616917,1.476,2.8107381395087114,0.3,9.38,1415.9103552097126,939.5171931804983,66.84864970331418,2819.1291624358396,36.78015090048186,20.790538231673732,2.850909090909091,2.805257401898993,2.805257401898993,3.023368981781747,12,2.1259863593165407,3.1286271142203423,,,,,,,,,0.993465404081373,0.004607415603501908,2.694880332253302,-0.6940049680981019,2.5000275702020645,10,12,11,310
274.5432564262022,255.11338046784795,83.96854367370337,1433.9937738054857,1.0442424242424242,0.6737907237369325,0.36,3.68,0.535151515151515,0.3561962346456762,0.18,1.5,552.4933497079471,293.6220209951565,209.9213591842584,1463.2589528627404,-5.963475691633746,238.53125212461404,-307.7719996937442,1008.563051619177,0.5090909090909091,0.47814984338308913,0.18,2.52,633.5829899078022,294.8632759308583,143.09744514401459,1259.7692175681516,79.6524063505379,39.46030191391276,1.0311764705882354,0.6485263701368845,0.6485263701368845,0.7830631384427943,35,0.5537092552901202,0.7140298218965493,,,,,,,,,0.9882067510232417,0.010416957232005223,2.6606239334255077,1.6516165437985613,5.643290944953256,33,35,34,311
,,,,,,,,,,,,,,,,,,,,,,,,,,,,,,,,,,1,,,,,,,,,,,,,2.441872022131219,-0.9495898278914425,5.419326505219486,0,1,0,312
117.04633869020796,50.12404778386029,64.83993157205947,239.06602891284973,2.2816666666666667,2.986167605761098,0.7,11.52,0.9033333333333333,0.7959366504409453,0.3,3.04,197.4868074049585,119.32647305303047,24.212420936536873,395.7429065934107,10.436224240359465,65.56681612280177,-81.72259724089307,123.15297540540054,1.3783333333333332,2.3132575745170723,0.34,8.48,194.56619978848008,146.35123148743187,15.882289836979734,574.8518036637947,49.44329392306478,26.79985657966385,2.235384615384616,2.438594593150651,2.438594593150651,3.153458418942606,14,2.2200534903465727,2.4596678739813345,,,,,,,,,0.9937033138072021,0.005309612700731562,2.512282691520618,-1.236871198228125,6.289735182040253,12,14,13,313
272.20213842107495,137.05095273440605,169.33741998019428,494.158266397604,5.604,4.6576260047367475,1.8,13.62,2.196,1.835123974013745,0.78,5.32,173.55788139081898,133.63818945798263,77.5833104087627,404.39511687712206,-86.13781006522504,212.7430680744489,-344.69417850711085,232.36401962174588,3.408,2.885813576792514,1.02,8.3,119.14337652465554,45.51976135049537,80.77048942775772,184.61673696512585,13.289310750260283,6.635699442212806,5.746666666666666,3.4663102380869875,3.4663102380869875,3.417133301467767,7,2.166870554509429,3.9153777737417768,,,,,,,,,0.9947261338443962,0.003800256352705371,2.431125256069438,1.0121914218424022,5.429557675397614,5,7,6,314
635.4712863970941,241.08136526225823,393.84780407054586,876.0068525410651,2.486666666666667,2.646154442456701,0.86,5.54,2.1133333333333333,2.621856848367838,0.54,5.14,621.4202581104843,407.88088680438733,170.4293487433979,964.4836402722294,131.81855446104373,428.7763840969556,-362.602055456684,401.62051552778456,0.37333333333333335,0.04618802153517007,0.32,0.4,1071.277736796618,89.41004337794699,970.4165868342067,1140.7982876301223,45.60291609080126,28.45981991551071,5.51,9.00680483486421,9.00680483486421,10.369545152351991,5,5.980278700305976,9.269307777103242,,,,,,,,,0.9939029936179096,0.007329503442733371,2.6847725903043727,-0.9429176240835714,3.138925974069137,3,5,4,315
,,,,,,,,,,,,,,,,,,,,,,,,,,,,,,,,,,2,,,,,,,,,,,,,2.430086326729634,-1.2110141416294684,6.043157502536934,0,2,1,316
